date,open,high,low,close,chng,std
2017-10-17,9.85,10.46,9.78,10.31,0.03100000000000014,
2017-10-18,10.34,10.41,9.87,10.07,-0.023278370514064006,
2017-10-19,10.22,11.77,9.99,10.05,-0.0019860973187685316,
2017-10-20,9.92,10.04,9.29,9.97,-0.007960199004975133,
2017-10-23,10.25,11.08,9.94,11.07,0.11033099297893667,
2017-10-24,10.89,11.16,10.39,11.16,0.008130081300812941,
2017-10-25,11.34,13.2,10.99,11.23,0.006272401433691677,
2017-10-26,11.17,11.81,10.6,11.3,0.006233303650934996,
2017-10-27,11.12,11.12,9.74,9.8,-0.1327433628318584,
2017-10-30,10.28,10.89,10.1,10.5,0.0714285714285714,
2017-10-31,10.34,10.37,9.9,10.18,-0.030476190476190546,
2017-11-01,9.79,10.49,9.74,10.2,0.0019646365422396617,
2017-11-02,10.44,10.89,9.67,9.93,-0.026470588235294024,
2017-11-03,9.83,9.91,8.99,9.14,-0.07955689828801604,
2017-11-06,9.63,9.74,9.38,9.4,0.02844638949671774,
2017-11-07,9.31,10.31,9.29,9.89,0.05212765957446819,
2017-11-08,9.79,10.27,9.5,9.78,-0.011122345803842415,
2017-11-09,9.94,12.19,9.79,10.5,0.07361963190184051,
2017-11-10,10.78,11.58,10.5,11.29,0.0752380952380951,
2017-11-13,11.43,12.18,11.0,11.5,0.01860053144375562,
2017-11-14,11.53,12.61,11.45,11.59,0.00782608695652165,
2017-11-15,12.52,14.51,12.33,13.13,0.13287316652286463,
2017-11-16,12.47,12.52,11.38,11.76,-0.10434120335110442,
2017-11-17,11.75,12.01,11.16,11.43,-0.028061224489795977,
2017-11-20,11.96,12.08,10.44,10.65,-0.06824146981627288,
2017-11-21,10.74,10.78,9.67,9.73,-0.08638497652582156,
2017-11-22,9.6,9.88,9.32,9.88,0.01541623843782114,
2017-11-24,9.82,9.96,8.56,9.67,-0.021255060728745057,
2017-11-27,10.07,10.26,9.79,9.87,0.020682523267838704,
2017-11-28,9.72,10.31,9.53,10.03,0.016210739614994862,
2017-11-29,9.91,10.93,9.81,10.7,0.06679960119641071,
2017-11-30,10.49,12.05,10.25,11.28,0.0542056074766355,
2017-12-01,11.19,14.58,10.54,11.43,0.013297872340425565,
2017-12-04,11.05,11.86,10.26,11.68,0.021872265966754068,
2017-12-05,11.38,11.67,10.65,11.33,-0.02996575342465746,
2017-12-06,11.63,11.68,10.86,11.02,-0.027360988526037078,
2017-12-07,10.9,11.32,10.12,10.16,-0.07803992740471866,
2017-12-08,10.0,10.06,9.43,9.58,-0.057086614173228356,
2017-12-11,9.74,10.08,9.28,9.34,-0.025052192066805867,
2017-12-12,9.36,9.92,9.21,9.92,0.062098501070663836,
2017-12-13,9.78,10.21,9.65,10.18,0.02620967741935476,
2017-12-14,9.98,10.54,9.78,10.49,0.03045186640471509,
2017-12-15,10.12,10.2,9.22,9.42,-0.10200190657769304,
2017-12-18,9.46,9.89,9.24,9.53,0.011677282377919207,
2017-12-19,9.4,10.15,9.18,10.03,0.05246589716684147,
2017-12-20,9.69,9.85,8.9,9.72,-0.030907278165503316,
2017-12-21,9.59,9.86,9.2,9.62,-0.010288065843621519,
2017-12-22,9.37,10.18,9.35,9.9,0.02910602910602922,
2017-12-26,10.19,10.46,10.13,10.25,0.03535353535353525,
2017-12-27,10.04,10.79,9.71,10.47,0.02146341463414636,
2017-12-28,10.29,10.44,10.07,10.18,-0.02769818529130863,
2017-12-29,10.03,11.06,9.95,11.04,0.08447937131630634,
2018-01-02,10.95,11.07,9.52,9.77,-0.11503623188405798,
2018-01-03,9.56,9.65,8.94,9.15,-0.06345957011258951,
2018-01-04,9.01,9.31,8.92,9.22,0.007650273224043769,
2018-01-05,9.1,9.54,9.0,9.22,0.0,
2018-01-08,9.61,9.89,9.32,9.52,0.03253796095444672,
2018-01-09,9.41,10.09,9.37,10.08,0.05882352941176472,
2018-01-10,10.11,10.85,9.82,9.82,-0.025793650793650813,
2018-01-11,9.69,10.02,9.62,9.88,0.006109979633401208,
2018-01-12,9.74,10.31,9.54,10.16,0.028340080971659853,
2018-01-16,10.42,12.41,10.4,11.66,0.1476377952755905,
2018-01-17,11.35,12.8,11.18,11.91,0.021440823327615766,
2018-01-18,12.01,12.4,11.62,12.22,0.02602854743912686,
2018-01-19,12.3,12.33,11.17,11.27,-0.07774140752864167,
2018-01-22,11.59,11.62,10.84,11.03,-0.021295474711623852,
2018-01-23,10.77,11.57,10.76,11.1,0.006346328195829587,
2018-01-24,11.0,12.19,10.89,11.47,0.03333333333333344,
2018-01-25,11.27,12.01,11.2,11.58,0.009590235396687019,
2018-01-26,11.4,11.6,11.08,11.08,-0.04317789291882557,
2018-01-29,11.71,13.84,11.68,13.84,0.2490974729241877,
2018-01-30,13.93,15.42,13.88,14.79,0.0686416184971097,
2018-01-31,14.23,14.44,13.41,13.54,-0.08451656524678841,
2018-02-01,13.05,14.3,12.5,13.47,-0.005169867060561217,
2018-02-02,13.64,17.86,13.64,17.31,0.285077951002227,
2018-02-05,18.44,38.8,16.8,37.32,1.1559792027729636,
2018-02-06,37.32,50.3,22.42,29.98,-0.19667738478027863,
2018-02-07,31.38,31.64,21.17,27.73,-0.07505003335557037,
2018-02-08,27.29,36.17,24.41,33.46,0.20663541291020548,
2018-02-09,32.18,41.06,27.73,29.06,-0.1315002988643157,
2018-02-12,27.25,29.7,24.42,25.61,-0.11871988988300064,
2018-02-13,26.94,27.82,24.47,24.97,-0.02499023818820778,
2018-02-14,23.48,25.72,18.99,19.26,-0.22867440929114924,
2018-02-15,18.39,20.66,17.6,19.13,-0.006749740394600301,
2018-02-16,18.74,20.99,17.44,19.46,0.01725039205436496,
2018-02-20,20.53,21.61,19.75,20.6,0.058581706063720373,
2018-02-21,20.76,21.04,16.97,20.02,-0.028155339805825297,
2018-02-22,20.57,20.61,18.07,18.72,-0.06493506493506496,
2018-02-23,17.96,18.8,16.47,16.49,-0.11912393162393164,
2018-02-26,16.53,16.94,15.8,15.8,-0.04184354154032732,
2018-02-27,15.83,18.98,15.29,18.59,0.1765822784810125,
2018-02-28,18.08,20.44,15.65,19.85,0.06777837547068333,
2018-03-01,19.96,25.3,19.57,22.47,0.1319899244332492,
2018-03-02,22.47,26.22,19.36,19.59,-0.1281708945260347,
2018-03-05,21.55,21.57,17.94,18.73,-0.04389994895354765,
2018-03-06,18.25,19.64,17.68,18.36,-0.019754404698344996,
2018-03-07,20.11,20.49,17.52,17.76,-0.03267973856209139,
2018-03-08,17.56,17.68,14.91,16.54,-0.06869369369369382,
2018-03-09,16.41,16.75,13.31,14.64,-0.11487303506650537,
2018-03-12,15.28,16.35,15.18,15.78,0.07786885245901631,
2018-03-13,15.7,16.98,15.03,16.35,0.03612167300380231,
2018-03-14,16.59,17.59,14.94,17.23,0.05382262996941889,
2018-03-15,16.99,17.41,15.96,16.59,-0.037144515380150955,
2018-03-16,16.6,16.72,15.23,15.8,-0.04761904761904756,
2018-03-19,16.63,21.87,16.56,19.02,0.20379746835443036,
2018-03-20,18.38,19.31,18.09,18.2,-0.04311251314405895,
2018-03-21,17.76,18.37,16.26,17.86,-0.018681318681318726,
2018-03-22,18.13,23.81,18.12,23.34,0.30683090705487115,
2018-03-23,24.02,26.01,21.63,24.87,0.06555269922879181,
2018-03-26,23.41,24.54,20.71,21.03,-0.15440289505428229,
2018-03-27,20.33,24.06,19.84,22.5,0.06990014265335232,
2018-03-28,22.52,24.94,21.71,22.87,0.016444444444444484,
2018-03-29,22.87,23.05,19.6,19.97,-0.12680367293397476,
2018-04-02,21.07,25.72,20.44,23.62,0.18277416124186296,
2018-04-03,23.03,23.38,20.92,21.1,-0.1066892464013548,
2018-04-04,21.68,24.51,19.86,20.06,-0.04928909952606653,
2018-04-05,19.76,20.21,18.57,18.94,-0.05583250249252236,
2018-04-06,20.33,23.12,18.6,21.49,0.13463569165786682,
2018-04-09,21.27,22.02,20.34,21.77,0.013029315960912058,
2018-04-10,20.51,21.68,20.24,20.47,-0.05971520440973821,
2018-04-11,20.95,21.66,19.64,20.24,-0.011235955056179803,
2018-04-12,19.83,19.92,18.16,18.49,-0.08646245059288538,
2018-04-13,18.27,18.45,17.26,17.41,-0.058409951325040455,
2018-04-16,17.59,17.66,16.38,16.56,-0.04882251579551988,
2018-04-17,16.16,16.27,14.57,15.25,-0.07910628019323662,
2018-04-18,15.3,16.9,14.95,15.6,0.022950819672131084,
2018-04-19,15.55,16.92,15.16,15.96,0.023076923076923217,
2018-04-20,16.16,17.5,15.19,16.88,0.05764411027568905,
2018-04-23,17.29,17.56,15.79,16.34,-0.03199052132701419,
2018-04-24,16.16,19.66,15.37,18.02,0.10281517747858016,
2018-04-25,18.14,19.84,17.75,17.84,-0.009988901220865709,
2018-04-26,18.07,18.12,16.24,16.24,-0.08968609865470856,
2018-04-27,16.22,16.77,15.25,15.41,-0.05110837438423632,
2018-04-30,15.39,16.35,15.13,15.93,0.03374432186891618,
2018-05-01,15.78,16.82,15.42,15.49,-0.02762084118016317,
2018-05-02,15.48,15.97,14.75,15.97,0.030987734021949764,
2018-05-03,15.78,18.66,15.43,15.9,-0.004383218534752653,
2018-05-04,15.94,16.92,10.91,14.77,-0.0710691823899372,
2018-05-07,15.32,15.52,14.51,14.75,-0.0013540961408259333,
2018-05-08,14.53,15.56,14.52,14.71,-0.0027118644067796183,
2018-05-09,14.54,14.63,13.38,13.42,-0.08769544527532291,
2018-05-10,13.36,13.63,12.92,13.23,-0.014157973174366623,
2018-05-11,13.22,13.44,12.65,12.65,-0.04383975812547236,
2018-05-14,12.95,13.28,12.81,12.93,0.02213438735177853,
2018-05-15,13.13,15.01,12.5,14.63,0.131477184841454,
2018-05-16,14.38,14.91,13.21,13.42,-0.08270676691729328,
2018-05-17,13.54,13.86,12.65,13.43,0.0007451564828613311,
2018-05-18,13.18,13.87,13.06,13.42,-0.0007446016381236209,
2018-05-21,13.44,13.59,12.78,13.08,-0.025335320417287588,
2018-05-22,13.03,13.42,12.77,13.22,0.01070336391437321,
2018-05-23,13.5,14.6,12.49,12.58,-0.04841149773071107,
2018-05-24,12.73,14.24,12.53,12.53,-0.003974562798092274,
2018-05-25,12.44,13.52,12.29,13.22,0.055067837190742264,
2018-05-29,14.39,18.78,14.39,17.02,0.28744326777609674,
2018-05-30,16.6,16.64,14.65,14.94,-0.12220916568742657,
2018-05-31,14.93,16.29,14.2,15.43,0.03279785809906288,
2018-06-01,14.92,14.93,13.37,13.46,-0.1276733635774464,
2018-06-04,13.91,13.91,12.69,12.74,-0.05349182763744431,
2018-06-05,12.91,13.34,12.3,12.4,-0.026687598116169498,
2018-06-06,12.1,12.56,11.62,11.64,-0.06129032258064515,
2018-06-07,11.66,13.28,11.22,12.13,0.04209621993127155,
2018-06-08,12.54,13.31,12.09,12.18,0.004122011541632276,
2018-06-11,12.52,12.69,12.14,12.35,0.013957307060755264,
2018-06-12,12.29,12.6,11.88,12.34,-0.0008097165991902688,
2018-06-13,12.13,12.95,11.98,12.94,0.04862236628849259,
2018-06-14,12.98,13.07,11.88,12.12,-0.06336939721792889,
2018-06-15,12.19,13.16,11.93,11.98,-0.011551155115511413,
2018-06-18,12.79,13.74,12.28,12.31,0.027545909849749695,
2018-06-19,14.61,14.68,13.21,13.35,0.08448415922014618,
2018-06-20,12.9,13.02,12.25,12.79,-0.04194756554307122,
2018-06-21,12.54,15.18,12.18,14.64,0.14464425332290864,
2018-06-22,14.6,14.6,13.11,13.77,-0.05942622950819676,
2018-06-25,15.07,19.61,14.56,17.33,0.25853304284676826,
2018-06-26,16.71,17.54,15.1,15.92,-0.08136180034622031,
2018-06-27,16.52,18.19,14.76,17.91,0.125,
2018-06-28,17.54,18.99,16.4,16.85,-0.05918481295365707,
2018-06-29,15.73,16.51,14.66,16.09,-0.045103857566765715,
2018-07-02,17.7,18.08,15.54,15.6,-0.03045369794903663,
2018-07-03,15.37,16.45,14.68,16.14,0.034615384615384714,
2018-07-05,15.62,16.22,14.47,14.97,-0.07249070631970256,
2018-07-06,14.99,15.45,13.34,13.37,-0.10688042752171023,
2018-07-09,13.42,13.45,12.6,12.69,-0.05086013462976813,
2018-07-10,12.52,13.21,11.93,12.64,-0.003940110323088941,
2018-07-11,14.05,14.15,13.09,13.63,0.07832278481012667,
2018-07-12,13.07,13.33,12.42,12.58,-0.07703595011005138,
2018-07-13,12.39,12.97,11.62,12.18,-0.031796502384737746,
2018-07-16,12.46,12.97,12.13,12.83,0.05336617405582933,
2018-07-17,12.91,13.18,11.85,12.06,-0.06001558846453625,
2018-07-18,11.87,12.47,11.44,12.1,0.0033167495854062867,
2018-07-19,12.2,13.09,11.79,12.87,0.06363636363636371,
2018-07-20,13.0,13.58,12.49,12.86,-0.0007770007770007137,
2018-07-23,13.47,13.55,12.58,12.62,-0.018662519440124425,
2018-07-24,12.61,13.21,11.66,12.41,-0.016640253565768592,
2018-07-25,12.37,12.82,11.8,12.29,-0.00966962127316684,
2018-07-26,12.45,12.53,11.78,12.14,-0.012205044751830596,
2018-07-27,12.17,14.26,11.6,13.03,0.0733113673805601,
2018-07-30,13.63,14.46,12.98,14.26,0.09439754412893331,
2018-07-31,13.98,14.12,12.81,12.83,-0.10028050490883589,
2018-08-01,13.09,13.63,12.45,13.15,0.02494154325798914,
2018-08-02,13.57,14.53,12.17,12.19,-0.07300380228136893,
2018-08-03,12.43,12.46,11.07,11.64,-0.04511894995898269,
2018-08-06,11.91,12.15,11.17,11.27,-0.03178694158075612,
2018-08-07,11.12,11.24,10.52,10.93,-0.030168589174800364,
2018-08-08,10.93,11.18,10.52,10.85,-0.007319304666056681,
2018-08-09,10.94,11.31,10.17,11.27,0.03870967741935494,
2018-08-10,11.82,13.82,11.59,13.16,0.16770186335403725,
2018-08-13,14.5,15.02,12.95,14.78,0.12310030395136762,
2018-08-14,13.93,14.22,13.11,13.31,-0.09945872801082534,
2018-08-15,13.52,16.86,13.44,14.64,0.09992486851990989,
2018-08-16,14.18,14.36,12.82,13.45,-0.08128415300546454,
2018-08-17,13.18,13.96,12.4,12.64,-0.06022304832713743,
2018-08-20,12.57,12.79,12.26,12.49,-0.011867088607595,
2018-08-21,12.47,12.89,12.09,12.86,0.029623698959167166,
2018-08-22,13.09,13.29,11.97,12.25,-0.04743390357698285,
2018-08-23,12.03,12.68,11.65,12.41,0.013061224489795853,
2018-08-24,12.13,12.17,11.83,11.99,-0.03384367445608383,
2018-08-27,12.37,12.48,12.02,12.16,0.014178482068390341,
2018-08-28,12.01,12.5,11.87,12.5,0.02796052631578938,
2018-08-29,12.34,12.55,12.09,12.25,-0.020000000000000018,
2018-08-30,12.25,13.95,12.24,13.53,0.10448979591836727,
2018-08-31,13.54,14.03,12.82,12.86,-0.049519586104951996,
2018-09-04,13.13,14.35,13.12,13.16,0.023328149300155587,
2018-09-05,13.69,14.3,13.23,13.91,0.05699088145896658,
2018-09-06,14.21,15.41,13.72,14.65,0.05319913731128678,
2018-09-07,14.72,15.63,14.31,14.88,0.015699658703071773,
2018-09-10,15.09,15.2,13.93,14.16,-0.048387096774193616,
2018-09-11,13.96,14.92,13.21,13.22,-0.06638418079096042,
2018-09-12,13.07,13.86,12.91,13.14,-0.00605143721633894,
2018-09-13,12.91,12.91,12.3,12.37,-0.05859969558599709,
2018-09-14,12.13,13.15,11.93,12.07,-0.02425222312045261,
2018-09-17,12.72,13.75,12.32,13.68,0.13338856669428334,
2018-09-18,13.48,13.48,12.56,12.79,-0.06505847953216382,
2018-09-19,12.61,12.77,11.66,11.75,-0.08131352619233767,
2018-09-20,11.82,11.96,11.31,11.8,0.004255319148936287,
2018-09-21,11.76,12.03,11.1,11.68,-0.01016949152542379,
2018-09-24,12.46,12.92,12.18,12.2,0.044520547945205546,
2018-09-25,12.28,12.6,11.8,12.42,0.0180327868852459,
2018-09-26,12.21,13.13,11.55,12.89,0.037842190016103006,
2018-09-27,12.77,13.0,11.94,12.41,-0.03723816912335143,
2018-09-28,12.59,13.22,12.09,12.12,-0.023368251410153196,
2018-10-01,11.99,12.4,11.57,12.0,-0.009900990099009799,
2018-10-02,12.47,12.69,11.61,12.05,0.004166666666666652,
2018-10-03,11.66,12.14,11.34,11.61,-0.036514522821576856,
2018-10-04,12.84,15.84,12.42,14.22,0.22480620155038777,
2018-10-05,14.29,17.36,11.72,14.82,0.04219409282700415,
2018-10-08,16.05,18.38,15.69,15.69,0.05870445344129549,
2018-10-09,16.12,17.49,15.27,15.95,0.016571064372211675,
2018-10-10,16.03,22.96,15.83,22.96,0.43949843260188093,
2018-10-11,23.07,28.84,20.65,24.98,0.08797909407665494,
2018-10-12,21.63,26.8,20.88,21.31,-0.14691753402722185,
2018-10-15,21.97,22.89,19.47,21.3,-0.000469263256686947,
2018-10-16,20.28,20.56,17.55,17.62,-0.17276995305164322,0.11166563982990577
2018-10-17,17.06,19.55,17.06,17.4,-0.012485811577752637,0.11223166668788329
2018-10-18,18.02,21.57,17.51,20.06,0.15287356321839085,0.11223709081333744
2018-10-19,19.24,21.08,18.39,19.89,-0.008474576271186307,0.11261028279683057
2018-10-22,19.38,20.89,18.82,19.64,-0.012569130216188995,0.11242649058052127
2018-10-23,22.18,24.66,20.18,20.71,0.0544806517311609,0.11243353421136994
2018-10-24,21.6,26.38,20.4,25.23,0.21825205214872034,0.11247315795668152
2018-10-25,24.78,24.78,22.06,24.22,-0.040031708283789214,0.11326046567782996
2018-10-26,24.51,27.52,23.33,24.16,-0.002477291494632494,0.11294812603211796
2018-10-29,24.48,27.86,22.01,24.7,0.022350993377483475,0.11287992241955527
2018-10-30,23.94,25.55,23.11,23.35,-0.054655870445344035,0.11285633272283965
2018-10-31,22.72,22.8,20.39,21.23,-0.09079229122055676,0.11292647939833098
2018-11-01,20.96,21.21,19.03,19.34,-0.0890249646726331,0.11307933954170406
2018-11-02,18.52,21.61,18.05,19.51,0.00879007238883145,0.11311039957528031
2018-11-05,20.58,20.87,19.64,19.96,0.023065094823167653,0.11310301098981022
2018-11-06,19.84,20.6,19.69,19.91,-0.0025050100200401104,0.1130723970740107
2018-11-07,18.03,18.05,16.33,16.36,-0.1783023606228027,0.11306789558510603
2018-11-08,16.18,17.2,16.09,16.72,0.022004889975550057,0.11360126706980686
2018-11-09,16.87,18.41,16.84,17.36,0.038277511961722466,0.11352252890807368
2018-11-12,17.26,20.71,17.25,20.45,0.17799539170506917,0.1135376400848159
2018-11-13,19.45,21.25,19.11,20.02,-0.02102689486552567,0.11405293124744738
2018-11-14,20.52,22.36,19.3,21.25,0.06143856143856152,0.11378826934406773
2018-11-15,20.41,22.97,19.94,19.98,-0.05976470588235294,0.11362070720539164
2018-11-16,20.04,21.36,18.1,18.14,-0.09209209209209213,0.11367823159329606
2018-11-19,18.78,20.99,18.52,20.1,0.10804851157662632,0.11375192648061172
2018-11-20,20.76,23.81,20.37,22.48,0.1184079601990049,0.11377367176034177
2018-11-21,21.66,22.31,20.11,20.8,-0.07473309608540923,0.1139867058182955
2018-11-23,21.23,22.65,20.65,21.52,0.03461538461538449,0.1140928329680963
2018-11-26,20.78,20.8,18.67,18.9,-0.12174721189591087,0.11410233254931447
2018-11-27,19.57,19.78,18.7,19.02,0.006349206349206327,0.11439717246020487
2018-11-28,18.73,19.38,18.18,18.49,-0.02786540483701372,0.1143357381031427
2018-11-29,19.22,20.48,18.62,18.79,0.016224986479177916,0.11431895483631692
2018-11-30,19.38,19.38,18.03,18.07,-0.0383182543906333,0.11431973337727024
2018-12-03,16.04,17.28,15.94,16.44,-0.09020475926950744,0.11435207802710713
2018-12-04,16.65,21.94,16.26,20.74,0.2615571776155716,0.1144935670695584
2018-12-06,24.66,25.94,20.94,21.19,0.021697203471552795,0.11560101797331314
2018-12-07,21.15,24.71,19.9,23.23,0.09627182633317588,0.11547537696691124
2018-12-10,23.62,25.94,22.5,22.64,-0.02539819199311233,0.11553412121642906
2018-12-11,21.61,23.6,21.39,21.76,-0.03886925795052998,0.11553453142901861
2018-12-12,21.0,21.62,20.5,21.46,-0.01378676470588236,0.11552422837091027
2018-12-13,20.84,21.38,20.34,20.65,-0.037744641192917205,0.1155272675081097
2018-12-14,21.47,22.47,20.95,21.63,0.047457627118643986,0.11555530305557139
2018-12-17,23.22,25.88,22.43,24.52,0.13361072584373557,0.11537015389708628
2018-12-18,24.28,26.14,23.69,25.58,0.04323001631321355,0.11564045955663127
2018-12-19,25.97,26.64,22.5,25.58,0.0,0.11562803411853553
2018-12-20,26.03,30.3,25.35,28.38,0.10946051602814699,0.11560161405935412
2018-12-21,28.66,31.35,25.71,30.11,0.06095842142353769,0.11576843983223446
2018-12-24,31.21,36.1,31.02,36.07,0.19794088342743277,0.11580740885141286
2018-12-26,34.45,36.2,29.59,30.41,-0.1569171056279457,0.11640633689124331
2018-12-27,32.24,33.8,29.66,29.96,-0.014797763893456106,0.11688441979020825
2018-12-28,29.64,31.05,27.43,28.34,-0.05407209612817088,0.11687066330814629
2018-12-31,27.19,27.29,25.33,25.42,-0.10303458009880018,0.11684366867638522
2019-01-02,27.67,27.72,23.05,23.22,-0.0865460267505902,0.11679485140827739
2019-01-03,24.67,26.57,24.05,25.45,0.09603789836347976,0.11686172298616274
2019-01-04,23.72,24.08,21.19,21.38,-0.15992141453831044,0.11699060791683306
2019-01-07,22.11,22.27,20.91,21.4,0.00093545369504211,0.11747931778524846
2019-01-08,20.66,22.03,20.09,20.47,-0.04345794392523361,0.11747081190932541
2019-01-09,20.13,22.8,19.48,19.98,-0.023937469467513406,0.11747400478865148
2019-01-10,20.8,21.32,19.29,19.5,-0.024024024024024038,0.11747189415258828
2019-01-11,20.02,20.16,18.12,18.19,-0.06717948717948707,0.11748971072070986
2019-01-14,19.96,19.99,18.7,19.07,0.048378229796591565,0.11757948847192691
2019-01-15,19.03,19.05,17.98,18.6,-0.024646040901940114,0.11727290712773521
2019-01-16,18.84,19.04,18.19,19.04,0.023655913978494425,0.11728712571713248
2019-01-17,19.29,19.36,17.85,18.06,-0.05147058823529416,0.1172857013549975
2019-01-18,17.4,18.18,17.17,17.8,-0.01439645625692132,0.11722094785551684
2019-01-22,18.65,21.15,18.43,20.8,0.1685393258426966,0.11721497473842107
2019-01-23,19.94,22.02,19.47,19.52,-0.06153846153846154,0.11765693546579008
2019-01-24,19.98,20.25,18.63,18.89,-0.032274590163934413,0.11772815554159599
2019-01-25,18.0,18.16,17.31,17.42,-0.07781895182636311,0.11775523800024969
2019-01-28,19.38,20.42,18.87,18.87,0.08323765786452353,0.11783551181559014
2019-01-29,18.81,19.93,18.71,19.13,0.013778484366719468,0.11693269953053168
2019-01-30,18.9,19.31,17.54,17.66,-0.076842655514898,0.1168675192016982
2019-01-31,17.54,17.72,16.54,16.57,-0.061721404303510696,0.11684451808855835
2019-02-01,16.37,16.73,16.08,16.14,-0.025950512975256523,0.11692201148938756
2019-02-04,16.64,16.69,15.6,15.73,-0.025402726146220633,0.11559117506000506
2019-02-05,15.77,15.94,15.04,15.57,-0.010171646535282908,0.08957156165886578
2019-02-06,15.44,15.87,15.09,15.38,-0.012202954399486154,0.08869635255310457
2019-02-07,15.66,17.89,15.51,16.37,0.06436931079323793,0.08856862971128918
2019-02-08,16.81,17.63,15.62,15.72,-0.03970678069639588,0.08769710280963719
2019-02-11,16.17,16.5,15.34,15.97,0.01590330788804062,0.08733243964335424
2019-02-12,15.23,15.65,14.95,15.43,-0.03381340012523493,0.08700478978802179
2019-02-13,15.46,15.91,15.0,15.65,0.014257939079714843,0.08701744327776295
2019-02-14,15.61,17.27,15.3,16.22,0.03642172523961662,0.08578270550940274
2019-02-15,16.82,16.82,14.79,14.91,-0.08076448828606653,0.08580721049400421
2019-02-19,15.65,16.16,14.64,14.88,-0.002012072434607548,0.08596467760478833
2019-02-20,14.92,15.19,13.99,14.02,-0.05779569892473124,0.0858910403699245
2019-02-21,14.0,15.17,13.85,14.46,0.031383737517831856,0.08595349203943259
2019-02-22,14.46,14.47,13.51,13.51,-0.0656984785615492,0.08586789014994525
2019-02-25,13.91,14.9,13.44,14.85,0.09918578830495939,0.0856303161728482
2019-02-26,15.16,15.28,14.52,15.17,0.02154882154882154,0.08580044358302674
2019-02-27,15.53,16.17,14.7,14.7,-0.030982201713909086,0.08509971522849524
2019-02-28,15.17,15.24,14.39,14.7,0.0,0.0850250668885844
2019-03-01,14.57,14.84,13.41,13.57,-0.07687074829931961,0.08462470068136374
2019-03-04,14.57,16.98,13.38,14.63,0.07811348563006626,0.08437042551937818
2019-03-05,14.52,15.39,14.26,14.74,0.007518796992481258,0.08445746566628086
2019-03-06,14.91,16.11,14.74,15.74,0.0678426051560379,0.08444640404911534
2019-03-07,16.33,17.81,15.54,16.59,0.05400254129606097,0.08451767550489145
2019-03-08,17.38,18.33,16.02,16.05,-0.032549728752260365,0.08445667723149843
2019-03-11,16.28,16.43,14.33,14.33,-0.1071651090342679,0.08415379043556039
2019-03-12,13.97,14.7,13.61,13.77,-0.03907885554780188,0.08431228601426896
2019-03-13,14.0,14.05,13.25,13.41,-0.02614379084967311,0.08432760083912799
2019-03-14,13.35,13.84,13.16,13.5,0.006711409395973034,0.08428435524415288
2019-03-15,13.21,13.28,12.5,12.88,-0.045925925925925815,0.08424750335304956
2019-03-18,13.13,13.8,13.0,13.1,0.017080745341614856,0.08424352596914177
2019-03-19,12.89,13.77,12.37,13.56,0.03511450381679393,0.08327391886295146
2019-03-20,13.54,14.3,13.05,13.91,0.02581120943952797,0.08325159012080019
2019-03-21,14.11,14.56,13.26,13.63,-0.020129403306973326,0.08325459652366264
2019-03-22,13.77,17.52,13.62,16.48,0.20909757887013947,0.08098803547846688
2019-03-25,17.76,17.85,16.26,16.33,-0.00910194174757295,0.08195103919363095
2019-03-26,16.22,16.3,14.67,14.68,-0.10104102878138388,0.08135385051676047
2019-03-27,14.52,16.71,14.51,15.15,0.032016348773842074,0.08149995383580802
2019-03-28,15.38,15.62,14.41,14.43,-0.04752475247524757,0.08151743361197296
2019-03-29,14.19,14.43,13.64,13.71,-0.04989604989604979,0.08116985135170288
2019-04-01,13.9,14.01,13.32,13.4,-0.022611232676878257,0.08041684193131358
2019-04-02,13.62,13.68,13.13,13.36,-0.0029850746268657025,0.08014056612527908
2019-04-03,13.06,14.27,12.85,13.74,0.02844311377245523,0.08007688772690245
2019-04-04,13.84,14.03,13.4,13.58,-0.011644832605531286,0.08001240355129319
2019-04-05,13.46,13.47,12.17,12.82,-0.055964653902798256,0.07957017825103378
2019-04-08,13.55,13.77,13.1,13.18,0.02808112324492984,0.07964838232343709
2019-04-09,13.46,14.39,13.31,14.28,0.08345978755690431,0.0795737281227465
2019-04-10,14.09,14.29,13.27,13.3,-0.06862745098039202,0.07973943501836663
2019-04-11,13.37,13.58,12.91,13.02,-0.021052631578947434,0.07966828485229814
2019-04-12,12.96,12.96,11.95,12.01,-0.07757296466973884,0.07959015023321359
2019-04-15,12.46,13.14,12.24,12.32,0.025811823480432983,0.07968432537484776
2019-04-16,12.26,12.47,11.85,12.18,-0.011363636363636465,0.07953318243194515
2019-04-17,12.12,13.02,11.03,12.6,0.034482758620689724,0.07952669554702796
2019-04-18,12.8,13.12,12.02,12.09,-0.04047619047619044,0.07954211656181909
2019-04-22,13.21,13.36,12.38,12.42,0.027295285359801413,0.07950865362311252
2019-04-23,12.66,12.69,12.08,12.28,-0.011272141706924366,0.07949637277732297
2019-04-24,12.53,13.23,12.26,13.14,0.07003257328990231,0.07924163006868186
2019-04-25,13.29,14.3,12.81,13.25,0.008371385083713712,0.07935691345016851
2019-04-26,13.44,13.62,12.49,12.73,-0.03924528301886787,0.07914528594512543
2019-04-29,13.04,13.27,12.65,13.11,0.02985074626865658,0.07911679076538373
2019-04-30,13.11,14.05,12.88,13.12,0.0007627765064834868,0.07911093434819232
2019-05-01,12.86,14.83,12.74,14.8,0.128048780487805,0.07908838793053341
2019-05-02,14.35,15.92,13.8,14.42,-0.025675675675675746,0.07946724275204729
2019-05-03,14.11,14.15,12.8,12.87,-0.10748959778085998,0.07948623101630259
2019-05-06,12.89,18.8,12.89,15.44,0.19968919968919963,0.07965494597471105
2019-05-07,15.9,21.84,15.8,19.32,0.25129533678756477,0.0806255095032869
2019-05-08,18.95,21.74,18.29,19.4,0.0041407867494822614,0.08213658951260844
2019-05-09,21.4,23.38,18.87,19.1,-0.01546391752577303,0.08192882138219473
2019-05-10,18.79,20.19,15.57,16.04,-0.1602094240837697,0.08193006496723523
2019-05-13,18.62,21.32,18.35,20.55,0.2811720698254365,0.08253478969242896
2019-05-14,19.4,19.65,17.45,18.06,-0.12116788321167893,0.08436716201055625
2019-05-15,17.57,19.15,16.41,16.44,-0.08970099667774067,0.08436143093193023
2019-05-16,16.69,17.13,15.16,15.29,-0.06995133819951349,0.08439151305854391
2019-05-17,15.89,16.81,14.86,15.96,0.04381948986265538,0.08452129881474955
2019-05-20,15.88,17.63,15.46,16.31,0.021929824561403466,0.08455852914809993
2019-05-21,15.86,16.22,14.79,14.95,-0.08338442673206614,0.08454542366794607
2019-05-22,15.06,15.44,14.42,14.75,-0.013377926421404673,0.08472571137932128
2019-05-23,15.93,18.05,15.28,16.92,0.14711864406779673,0.08466787252519345
2019-05-24,16.34,16.52,15.52,15.85,-0.06323877068557926,0.0851486677485507
2019-05-28,16.55,17.7,15.9,17.5,0.10410094637223977,0.08519578537206238
2019-05-29,18.55,19.04,17.62,17.9,0.022857142857142687,0.08351979257144196
2019-05-30,17.47,18.11,16.72,17.3,-0.03351955307262555,0.08314676500215389
2019-05-31,19.05,19.72,18.01,18.71,0.0815028901734105,0.08316021549194007
2019-06-03,19.41,19.75,18.16,18.86,0.008017103153393768,0.08288489528323532
2019-06-04,18.74,18.74,16.97,16.97,-0.10021208907741253,0.08280318509830052
2019-06-05,17.06,17.49,16.04,16.09,-0.051856216853270465,0.08304564674615858
2019-06-06,16.25,16.54,15.36,15.93,-0.009944064636420169,0.08301777242627871
2019-06-07,15.65,16.44,15.33,16.3,0.02322661644695545,0.08298844384691836
2019-06-10,16.3,16.47,15.84,15.94,-0.022085889570552242,0.08299705256891679
2019-06-11,15.84,16.7,15.5,15.99,0.0031367628607277265,0.08301168880170531
2019-06-12,16.26,16.43,15.78,15.91,-0.00500312695434646,0.08301109677138749
2019-06-13,16.16,16.21,15.61,15.82,-0.0056568196103079504,0.08296530692182456
2019-06-14,16.0,16.4,15.21,15.28,-0.034134007585335024,0.08285716000380386
2019-06-17,15.65,15.76,15.24,15.35,0.0045811518324607725,0.08288680258269716
2019-06-18,14.89,15.54,14.62,15.15,-0.013029315960912058,0.08287354790846857
2019-06-19,15.05,15.71,14.15,14.33,-0.054125412541254136,0.08272306378374361
2019-06-20,14.04,16.03,13.19,14.75,0.0293091416608513,0.08275364069667228
2019-06-21,14.74,15.48,14.42,15.4,0.04406779661016946,0.0822847186993681
2019-06-24,15.46,15.56,15.23,15.26,-0.00909090909090915,0.08222866912401063
2019-06-25,15.43,16.68,15.1,16.28,0.06684141546526878,0.08062311274229401
2019-06-26,16.1,16.6,15.47,16.21,-0.004299754299754266,0.08054846902979476
2019-06-27,15.66,16.4,15.66,15.82,-0.024059222702035865,0.08017714283598196
2019-06-28,15.7,16.13,15.08,15.08,-0.04677623261694064,0.08009913083792096
2019-07-01,13.85,14.64,13.8,14.06,-0.06763925729442966,0.08010321447490232
2019-07-02,14.16,14.3,12.9,12.93,-0.08036984352773835,0.08019960112783965
2019-07-03,13.18,13.19,12.56,12.57,-0.0278422273781902,0.08034490279607077
2019-07-05,13.0,14.47,12.04,13.28,0.056483691328560015,0.08022785899464986
2019-07-08,13.73,14.44,13.64,13.96,0.051204819277108626,0.07999975121763624
2019-07-09,14.47,14.71,13.99,14.09,0.009312320916905481,0.07998430512220149
2019-07-10,14.38,14.69,12.98,13.03,-0.07523066004258339,0.07998381858169977
2019-07-11,13.01,13.33,12.39,12.93,-0.007674597083653034,0.0799960814584382
2019-07-12,12.76,12.82,12.28,12.39,-0.0417633410672853,0.07983810124080278
2019-07-15,12.58,13.02,12.49,12.68,0.023405972558514954,0.0798580863823267
2019-07-16,12.61,13.14,12.28,12.86,0.014195583596214423,0.07980476332498655
2019-07-17,12.62,13.97,12.24,13.97,0.0863141524105755,0.0797075837762448
2019-07-18,14.45,14.5,13.19,13.53,-0.03149606299212604,0.07988054567563951
2019-07-19,13.31,14.45,13.09,14.45,0.06799704360679981,0.07981985548688472
2019-07-22,14.55,14.7,13.42,13.53,-0.06366782006920413,0.07992455393891326
2019-07-23,13.42,13.52,12.55,12.61,-0.0679970436067997,0.08002522813601712
2019-07-24,12.8,13.1,11.98,12.07,-0.04282315622521804,0.0801424283453861
2019-07-25,12.24,13.54,11.69,12.74,0.05550952775476392,0.08019103436465906
2019-07-26,12.58,12.72,12.01,12.16,-0.04552590266875978,0.08025396496010823
2019-07-29,12.15,13.17,12.15,12.83,0.05509868421052633,0.08018907709319506
2019-07-30,12.87,14.18,12.87,13.94,0.08651597817614953,0.08004708764059389
2019-07-31,13.83,16.55,13.46,16.12,0.1563845050215209,0.07995475173779172
2019-08-01,15.41,19.46,13.73,17.87,0.1085607940446649,0.08052750755881354
2019-08-02,17.69,20.11,17.04,17.61,-0.014549524342473474,0.08065012224694539
2019-08-05,19.96,24.81,19.91,24.59,0.3963657013060762,0.08059760987825246
2019-08-06,22.29,22.87,19.77,20.17,-0.17974786498576645,0.08428352654274675
2019-08-07,20.7,23.67,18.94,19.49,-0.03371343579573638,0.0850715802967593
2019-08-08,19.36,19.89,16.82,16.91,-0.13237557721908666,0.08510433216696052
2019-08-09,18.14,19.44,17.31,17.97,0.06268480189237136,0.08552482632798586
2019-08-12,17.87,21.26,17.77,21.09,0.1736227045075125,0.08497882435915316
2019-08-13,21.28,21.64,17.52,17.52,-0.1692745376955903,0.08532110843871295
2019-08-14,17.81,22.71,17.75,22.1,0.26141552511415544,0.08577682805444671
2019-08-15,21.58,24.1,20.78,21.18,-0.041628959276018174,0.0870959626110532
2019-08-16,20.48,20.5,18.41,18.47,-0.12795089707271012,0.08697387474001675
2019-08-19,17.93,18.22,16.52,16.88,-0.08608554412560909,0.08728385661713182
2019-08-20,16.78,17.7,16.45,17.5,0.03672985781990534,0.08746773024731362
2019-08-21,17.01,17.04,15.51,15.8,-0.09714285714285709,0.08747699153834641
2019-08-22,16.12,17.68,15.63,16.68,0.05569620253164542,0.08765252566897373
2019-08-23,16.15,21.07,16.04,19.87,0.19124700239808168,0.08771049946003873
2019-08-26,20.34,21.33,19.06,19.32,-0.02767991947659787,0.08846452000454495
2019-08-27,20.18,21.04,18.49,20.31,0.05124223602484457,0.08848797355448161
2019-08-28,20.55,21.64,19.1,19.35,-0.047267355982274606,0.08852394028938958
2019-08-29,19.02,19.2,17.6,17.88,-0.07596899224806208,0.08857239629700031
2019-08-30,17.94,19.18,17.09,18.98,0.06152125279642062,0.08849767746622245
2019-09-03,20.96,21.15,19.41,19.66,0.035827186512118026,0.08850275206305015
2019-09-04,18.23,18.83,17.26,17.33,-0.11851475076297058,0.08851655433586636
2019-09-05,16.92,17.05,15.45,16.27,-0.06116560877091737,0.08880018771969643
2019-09-06,15.92,16.06,14.91,15.0,-0.07805777504609712,0.08884320166755745
2019-09-09,15.26,16.13,14.95,15.27,0.018000000000000016,0.08899182949611655
2019-09-10,15.53,16.52,15.11,15.2,-0.004584151931892655,0.08893471546230944
2019-09-11,15.33,15.52,14.55,14.61,-0.03881578947368425,0.08882412079713146
2019-09-12,14.69,14.94,13.85,14.22,-0.026694045174537884,0.08886353520857682
2019-09-13,14.16,14.31,13.51,13.74,-0.03375527426160341,0.08879599297172447
2019-09-16,14.89,15.29,14.5,14.67,0.06768558951965065,0.08881027222133887
2019-09-17,14.92,15.03,14.4,14.44,-0.015678254942058656,0.08852319506956856
2019-09-18,14.61,15.8,13.8,13.95,-0.03393351800554023,0.08842365642465425
2019-09-19,14.66,14.66,13.31,14.05,0.007168458781362075,0.08829044738310797
2019-09-20,13.94,15.84,13.35,15.32,0.090391459074733,0.08829063014170062
2019-09-23,15.35,16.0,14.71,14.91,-0.026762402088772896,0.08845319107814201
2019-09-24,14.77,17.62,14.33,17.05,0.14352783366867872,0.08843933498629925
2019-09-25,17.05,18.45,15.69,15.96,-0.06392961876832848,0.0888718047623394
2019-09-26,16.23,17.09,15.35,16.07,0.006892230576441172,0.08895361918395814
2019-09-27,15.77,18.69,15.15,17.22,0.07156191661481004,0.08891413765763653
2019-09-30,17.23,17.35,16.2,16.24,-0.05691056910569103,0.08899633932024478
2019-10-01,16.02,18.62,15.79,18.56,0.1428571428571428,0.0890778016293956
2019-10-02,18.75,21.46,18.75,20.56,0.10775862068965525,0.08950395057689041
2019-10-03,20.11,21.44,19.03,19.12,-0.07003891050583644,0.08969704329752407
2019-10-04,19.42,19.97,16.97,17.04,-0.10878661087866115,0.08874249066158121
2019-10-07,18.27,18.52,16.44,17.86,0.0481220657276995,0.08900083701393259
2019-10-08,17.61,20.38,17.42,20.28,0.1354983202687572,0.08897735568734749
2019-10-09,19.94,20.0,17.77,18.64,-0.0808678500986193,0.08936071897804664
2019-10-10,19.28,19.8,17.56,17.57,-0.05740343347639487,0.08515374505770133
2019-10-11,17.35,17.44,15.11,15.58,-0.11326124075128063,0.0850648410654623
2019-10-14,15.66,16.5,14.51,14.57,-0.06482670089858789,0.08485452766645558
2019-10-15,13.94,14.43,13.39,13.54,-0.07069320521619771,0.08496013105053812
2019-10-16,13.94,14.26,13.6,13.68,0.010339734121122657,0.0843604147482563
2019-10-17,13.79,14.18,13.31,13.79,0.008040935672514626,0.08435667464317362
2019-10-18,14.2,15.16,13.78,14.25,0.033357505438723845,0.08381481544789672
2019-10-21,14.24,14.63,14.0,14.0,-0.01754385964912286,0.08383590468556952
2019-10-22,13.99,14.61,13.7,14.46,0.03285714285714292,0.08383996751338563
2019-10-23,14.83,15.12,14.01,14.01,-0.03112033195020758,0.08379673287496442
2019-10-24,13.98,14.34,13.4,13.71,-0.021413276231263323,0.08268784476449398
2019-10-25,13.53,13.79,12.62,12.65,-0.07731582786287383,0.08265921189508556
2019-10-28,13.01,13.14,12.66,13.11,0.036363636363636376,0.08280714086433319
2019-10-29,13.16,13.52,13.07,13.2,0.006864988558352492,0.08282661290000957
2019-10-30,13.23,13.77,12.27,12.33,-0.0659090909090908,0.08275275603885676
2019-10-31,12.21,13.95,12.19,13.22,0.0721816707218168,0.08265684536979874
2019-11-01,12.99,13.12,12.25,12.3,-0.06959152798789714,0.08257989819927135
2019-11-04,12.68,13.13,12.44,12.83,0.04308943089430883,0.08270165228204912
2019-11-05,12.85,13.28,12.25,13.1,0.02104442712392829,0.08273240409285693
2019-11-06,13.18,13.39,12.6,12.62,-0.036641221374045796,0.08274124691022422
2019-11-07,12.59,12.89,12.26,12.73,0.008716323296355188,0.08198601673033284
2019-11-08,12.98,13.05,12.0,12.07,-0.05184603299293011,0.08197739813942674
2019-11-11,13.15,13.49,12.66,12.69,0.05136702568351281,0.08201579407634824
2019-11-12,12.64,13.1,12.36,12.68,-0.0007880220646178104,0.08131085267755729
2019-11-13,12.91,13.9,12.88,13.0,0.025236593059936974,0.0812986809232719
2019-11-14,13.16,13.81,12.93,13.05,0.0038461538461538325,0.08122335419824721
2019-11-15,12.95,12.97,11.92,12.05,-0.07662835249042144,0.08113130410698438
2019-11-18,12.39,13.1,12.32,12.46,0.03402489626556027,0.08106559336600831
2019-11-19,12.33,13.01,12.16,12.86,0.0321027287319422,0.08080956749624786
2019-11-20,13.42,14.17,12.61,12.78,-0.0062208398133748455,0.08049049042738152
2019-11-21,13.35,13.86,12.49,13.13,0.027386541471048576,0.08034866357151879
2019-11-22,12.82,13.25,12.33,12.34,-0.06016755521706019,0.08033785839307307
2019-11-25,12.51,12.59,11.73,11.87,-0.038087520259319385,0.08005364206915377
2019-11-26,11.88,12.04,11.42,11.54,-0.02780117944397642,0.08009177637536818
2019-11-27,11.55,11.79,11.44,11.75,0.018197573656845822,0.08009168302771208
2019-11-29,12.5,12.83,12.12,12.62,0.07404255319148922,0.0800932710267032
2019-12-02,12.69,15.27,12.55,14.91,0.18145800316957228,0.08018604932472578
2019-12-03,14.68,17.99,14.61,15.96,0.07042253521126773,0.08077538520572759
2019-12-04,16.38,16.4,14.12,14.8,-0.07268170426065168,0.07920470381104956
2019-12-05,14.46,15.37,14.17,14.52,-0.018918918918918948,0.07933493126814613
2019-12-06,14.37,14.47,13.19,13.62,-0.06198347107438018,0.07911682435870926
2019-12-09,14.25,16.07,12.25,15.86,0.16446402349486045,0.0791998148438518
2019-12-10,15.8,16.9,14.93,15.68,-0.011349306431273631,0.07983082056177587
2019-12-11,15.57,15.97,14.98,14.99,-0.04400510204081631,0.07982906293262867
2019-12-12,14.94,15.55,13.6,13.94,-0.07004669779853245,0.07984248913345733
2019-12-13,13.18,14.35,12.54,12.63,-0.09397417503586791,0.07991813612962029
2019-12-16,12.47,12.53,11.71,12.14,-0.03879651623119562,0.07970056576583932
2019-12-17,12.23,12.47,11.9,12.29,0.012355848434925765,0.07969223363405627
2019-12-18,12.24,12.7,11.93,12.58,0.02359641985353944,0.07969604196097203
2019-12-19,12.55,12.78,12.43,12.5,-0.006359300476947549,0.07940728833037802
2019-12-20,12.55,12.61,12.04,12.51,0.0007999999999999119,0.0793129537258279
2019-12-23,12.81,12.9,12.41,12.61,0.007993605115907298,0.07830541232883992
2019-12-24,12.65,12.84,12.56,12.67,0.004758128469468659,0.07768147540552087
2019-12-26,12.74,12.75,11.72,12.65,-0.0015785319652722452,0.07767702310154344
2019-12-27,12.61,13.72,11.89,13.43,0.061660079051383265,0.07760275018497505
2019-12-30,13.74,15.14,13.44,14.82,0.10349962769918108,0.07742654979156088
2019-12-31,14.84,15.39,13.75,13.78,-0.07017543859649134,0.07750344997359197
2020-01-02,13.46,13.72,12.42,12.47,-0.09506531204644408,0.0773982005345974
2020-01-03,15.01,16.2,13.13,14.02,0.12429831595829977,0.07696620572627369
2020-01-06,15.45,16.39,13.54,13.85,-0.012125534950071293,0.07736250243548758
2020-01-07,13.84,14.46,13.39,13.79,-0.0043321299638989785,0.07731532776272508
2020-01-08,15.16,15.24,12.83,13.45,-0.024655547498187103,0.07729960317729277
2020-01-09,12.95,13.24,12.53,12.54,-0.06765799256505578,0.07730044581738443
2020-01-10,12.42,12.87,12.09,12.56,0.0015948963317384823,0.07730215516182797
2020-01-13,12.84,13.09,12.32,12.32,-0.019108280254777066,0.07724443067039781
2020-01-14,12.72,13.82,12.05,12.39,0.005681818181818121,0.07723779668528472
2020-01-15,12.79,12.83,11.95,12.42,0.002421307506053294,0.07722515018603836
2020-01-16,12.2,12.42,11.78,12.32,-0.00805152979066015,0.07715299157224977
2020-01-17,12.21,12.48,11.75,12.1,-0.017857142857142905,0.07714884501125271
2020-01-21,13.23,13.33,12.32,12.85,0.06198347107438007,0.07642381531062067
2020-01-22,12.45,13.01,12.31,12.91,0.0046692607003890885,0.07641977631954797
2020-01-23,13.26,14.15,12.94,12.98,0.005422153369481153,0.07639070981530567
2020-01-24,12.75,15.98,12.62,14.56,0.1217257318952234,0.07622596738285582
2020-01-27,17.42,19.02,16.82,18.23,0.25206043956043955,0.07643016085912056
2020-01-28,16.94,18.03,15.69,16.28,-0.10696653867251782,0.07804965822937017
2020-01-29,15.68,16.65,14.94,16.39,0.006756756756756799,0.07819603607817291
2020-01-30,17.82,18.39,15.3,15.49,-0.05491153142159855,0.07808982767142401
2020-01-31,16.25,19.99,16.18,18.84,0.21626856036152353,0.07815415363905892
2020-02-03,18.64,18.88,17.1,17.97,-0.04617834394904463,0.07929128121271795
2020-02-04,16.45,16.46,15.63,16.05,-0.10684474123539223,0.07934923036193778
2020-02-05,16.29,16.32,15.02,15.15,-0.05607476635514019,0.07964983298964055
2020-02-06,15.13,15.66,14.7,14.96,-0.012541254125412515,0.07964238167918089
2020-02-07,15.07,16.16,14.81,15.47,0.03409090909090917,0.07960284083015466
2020-02-10,15.88,16.43,15.01,15.04,-0.027795733678086743,0.07962318352561402
2020-02-11,14.91,15.27,14.38,15.18,0.009308510638297962,0.07961296103160068
2020-02-12,14.86,14.88,13.73,13.74,-0.09486166007905139,0.07961073687123653
2020-02-13,14.43,15.44,14.0,14.15,0.029839883551673996,0.07982121173609584
2020-02-14,14.12,14.54,13.38,13.68,-0.03321554770318025,0.0796651118754228
2020-02-18,14.98,15.49,14.53,14.83,0.08406432748538006,0.0796970910999929
2020-02-19,14.66,14.74,14.21,14.38,-0.030343897505057282,0.07976992275007934
2020-02-20,14.54,17.21,14.49,15.56,0.08205841446453399,0.07977794552986099
2020-02-21,17.33,18.21,16.19,17.08,0.09768637532133662,0.0798144309639961
2020-02-24,22.25,26.35,22.0,25.03,0.46545667447306815,0.07980727301882456
2020-02-25,22.19,30.25,22.19,27.85,0.11266480223731512,0.08497967850666996
2020-02-26,26.63,29.57,24.76,27.56,-0.010412926391382471,0.08521840602380149
2020-02-27,28.95,39.31,27.79,39.16,0.420899854862119,0.08522385245457008
2020-02-28,42.02,49.48,39.37,40.11,0.02425944841675176,0.08901342448833402
2020-03-02,34.86,43.77,31.5,33.42,-0.16679132385938666,0.08890783414171549
2020-03-03,33.64,41.06,24.93,36.82,0.101735487731897,0.08958972674325044
2020-03-04,34.44,35.58,30.3,31.99,-0.13117870722433467,0.08970780853388906
2020-03-05,33.61,42.84,33.54,39.62,0.23851203501094087,0.09008260258216716
2020-03-06,41.46,54.39,40.84,41.94,0.05855628470469454,0.09123645881355474
2020-03-09,41.94,62.12,41.94,54.46,0.2985216976633287,0.0910022508408207
2020-03-10,49.68,55.66,43.56,47.3,-0.1314726404700698,0.0927868247243499
2020-03-11,52.24,55.82,49.98,53.9,0.13953488372093026,0.09318732798682094
2020-03-12,61.46,76.83,59.91,75.47,0.40018552875695734,0.09355202899941092
2020-03-13,71.31,77.57,55.17,57.83,-0.23373525904332848,0.09669153026364226
2020-03-16,57.83,83.56,57.83,82.69,0.42988068476569263,0.09792504996794593
2020-03-17,82.69,84.83,70.37,75.91,-0.08199298585076797,0.10144580798627054
2020-03-18,69.37,85.47,69.37,76.45,0.007113687261230517,0.1016154729225976
2020-03-19,80.62,84.26,68.57,72.0,-0.058207979071288496,0.10159604306483429
2020-03-20,67.86,69.51,57.42,66.04,-0.08277777777777773,0.10091338355790005
2020-03-23,74.08,76.74,60.46,61.59,-0.06738340399757725,0.10107836579725259
2020-03-24,58.76,61.88,36.24,61.67,0.0012989121610651466,0.10095190446199735
2020-03-25,61.44,68.86,58.03,63.95,0.03697097454191667,0.10094413491928499
2020-03-26,65.67,67.06,57.66,61.0,-0.04612978889757624,0.10089139591377616
2020-03-27,64.95,69.1,61.8,65.54,0.07442622950819677,0.10088261074955063
2020-03-30,66.3,67.69,56.6,57.08,-0.12908147696063488,0.1009410099726491
2020-03-31,56.69,58.75,50.88,53.54,-0.06201822004204627,0.10132537897096044
2020-04-01,57.38,60.59,52.76,57.06,0.06574523720582759,0.10142243341277143
2020-04-02,54.46,57.24,50.45,50.91,-0.10778128286014732,0.10147384811860538
2020-04-03,51.11,52.29,46.74,46.8,-0.08073070123747794,0.10166273685218884
2020-04-06,44.17,45.73,43.45,45.24,-0.033333333333333215,0.10181875002880637
2020-04-07,44.83,47.51,43.51,46.7,0.032272325375773736,0.10174724541124981
2020-04-08,45.9,47.28,42.53,43.35,-0.07173447537473232,0.1016368966913117
2020-04-09,43.0,45.73,41.39,41.67,-0.03875432525951561,0.10174900044276192
2020-04-13,44.6,45.04,41.17,41.17,-0.011999040076793865,0.1016451337476595
2020-04-14,40.24,40.57,37.31,37.76,-0.08282730143308248,0.10164914839677815
2020-04-15,39.4,43.23,39.34,40.84,0.08156779661016955,0.10180846642458162
2020-04-16,41.92,43.02,39.87,40.11,-0.017874632713026584,0.1018988782945059
2020-04-17,39.5,40.26,37.63,38.15,-0.048865619546247796,0.1018644517120024
2020-04-20,40.68,43.83,39.88,43.83,0.1488859764089121,0.10192491949069078
2020-04-21,44.28,47.77,43.77,45.41,0.036048368697239264,0.10229832805274759
2020-04-22,44.91,45.07,41.41,41.98,-0.07553402334287607,0.10224059391610371
2020-04-23,41.3,42.47,39.06,41.38,-0.014292520247736862,0.10238262734287286
2020-04-24,41.91,42.08,35.6,35.93,-0.1317061382310295,0.10234719434925
2020-04-27,36.29,36.44,32.51,33.29,-0.07347620372947394,0.10272736022584947
2020-04-28,33.21,35.39,30.54,33.57,0.008410934214478916,0.10285799010687402
2020-04-29,32.48,33.19,30.71,31.23,-0.06970509383378021,0.10257762827150808
2020-04-30,30.99,35.94,30.93,34.15,0.09349983989753441,0.1026735239039768
2020-05-01,38.17,39.57,36.59,37.19,0.08901903367496344,0.10255337219095173
2020-05-04,39.13,40.32,35.53,35.97,-0.032804517343371864,0.10196271662149677
2020-05-05,34.82,36.22,31.95,33.61,-0.06561023074784544,0.10081968590768386
2020-05-06,32.69,35.69,31.68,34.12,0.015174055340672288,0.10092437298202848
2020-05-07,32.12,32.28,30.37,31.44,-0.07854630715123079,0.10091580246882406
2020-05-08,30.14,30.39,27.89,27.98,-0.11005089058524176,0.1005038940727146
2020-05-11,28.46,31.46,26.97,27.57,-0.014653323802716223,0.09926008835009599
2020-05-12,28.47,33.04,26.0,33.04,0.1984040623866521,0.09894139513990158
2020-05-13,32.74,37.42,30.77,35.28,0.06779661016949157,0.09949697035979548
2020-05-14,35.16,39.28,32.33,32.61,-0.07568027210884354,0.09944892616593871
2020-05-15,32.5,35.13,31.04,31.89,-0.022079116835326595,0.09956240459722004
2020-05-18,30.71,31.08,28.35,29.3,-0.0812166823455629,0.09957544378686334
2020-05-19,28.73,30.74,28.37,30.53,0.041979522184300455,0.09956761962277784
2020-05-20,29.52,29.83,27.83,27.99,-0.08319685555191625,0.09958324469938871
2020-05-21,28.97,30.2,27.67,29.53,0.055019649874955334,0.09935068698122779
2020-05-22,31.36,31.55,28.03,28.16,-0.04639349813748739,0.09929886403213578
2020-05-26,27.72,28.58,27.18,28.01,-0.005326704545454475,0.09916371090866029
2020-05-27,27.62,30.53,25.92,27.62,-0.0139235987147448,0.09916090448557714
2020-05-28,27.82,29.89,27.43,28.59,0.03511947863866749,0.099137083561347
2020-05-29,29.3,30.16,27.29,27.51,-0.03777544596012583,0.0990391854936545
2020-06-01,28.94,30.6,28.11,28.23,0.026172300981461172,0.09907804394047388
2020-06-02,28.4,28.52,26.66,26.84,-0.04923839886645409,0.09885631950365885
2020-06-03,26.75,26.98,25.04,25.66,-0.04396423248882264,0.09885025548420924
2020-06-04,26.23,26.43,24.38,25.81,0.005845674201091056,0.09889635644227447
2020-06-05,24.79,25.09,23.54,24.52,-0.049980627663696264,0.09889054659357858
2020-06-08,25.56,25.98,24.65,25.81,0.05261011419249595,0.09893839490557284
2020-06-09,25.93,27.7,25.71,27.57,0.06819062378922913,0.09898179424655162
2020-06-10,26.73,29.01,26.06,27.57,0.0,0.09905627944750753
2020-06-11,30.45,42.58,29.49,40.79,0.4795067101922379,0.09905410314052458
2020-06-12,37.68,44.16,34.97,36.09,-0.11522431968619751,0.1034343855691231
2020-06-15,44.09,44.44,34.28,34.4,-0.04682737600443354,0.10373077948589074
2020-06-16,34.28,37.45,31.73,33.67,-0.021220930232558,0.10378063319996389
2020-06-17,33.28,35.17,32.25,33.47,-0.005940005940005988,0.10372223337369478
2020-06-18,33.83,36.25,32.24,32.94,-0.015835076187630803,0.10371744093582361
2020-06-19,32.07,35.12,30.4,35.12,0.06618093503339395,0.1037032134563629
2020-06-22,35.22,35.39,31.64,31.77,-0.09538724373576302,0.1037630453302676
2020-06-23,31.71,31.71,29.26,31.37,-0.012590494176896394,0.103901796576954
2020-06-24,31.05,37.12,30.95,33.84,0.07873764743385414,0.10390690578756123
2020-06-25,36.59,36.93,31.59,32.22,-0.04787234042553201,0.10398495488227207
2020-06-26,33.01,36.25,31.04,34.73,0.07790192427063936,0.10398729231477248
2020-06-29,35.05,36.31,31.78,31.78,-0.08494097322199812,0.1039701543873445
2020-06-30,32.54,32.94,29.56,30.43,-0.04247954688483324,0.10398624168857806
2020-07-01,30.96,31.76,28.2,28.62,-0.05948077555044362,0.10401087747881646
2020-07-02,28.33,28.44,25.9,27.68,-0.03284416491963671,0.10405412631289752
2020-07-06,27.76,28.33,24.92,27.94,0.009393063583815087,0.10404952632564785
2020-07-07,28.77,29.63,27.25,29.43,0.053328561202576896,0.10404953180531969
2020-07-08,28.95,30.2,27.24,28.08,-0.04587155963302758,0.103956189288057
2020-07-09,28.18,31.48,26.11,29.26,0.042022792022792244,0.10400753681797123
2020-07-10,30.86,30.91,27.13,27.29,-0.06732740943267268,0.10398167146462911
2020-07-13,27.85,32.45,26.87,32.19,0.17955294979846093,0.10408699619877936
2020-07-14,31.14,33.67,29.21,29.52,-0.08294501397949672,0.10465084396982992
2020-07-15,29.15,30.09,27.17,27.76,-0.05962059620596194,0.1046934881549277
2020-07-16,28.41,29.29,26.98,28.0,0.008645533141210304,0.10475109944308932
2020-07-17,27.15,27.54,25.41,25.68,-0.08285714285714285,0.10468135567219594
2020-07-20,26.94,27.08,24.35,24.46,-0.04750778816199375,0.10474081337446743
2020-07-21,24.08,25.65,23.61,24.84,0.015535568274734235,0.10468951624583929
2020-07-22,24.56,26.26,24.13,24.32,-0.020933977455716568,0.10464175660549506
2020-07-23,23.97,26.95,23.6,26.08,0.07236842105263142,0.10461347258279809
2020-07-24,27.96,28.58,25.53,25.84,-0.009202453987730008,0.1046392213868279
2020-07-27,26.6,26.94,24.55,24.74,-0.042569659442724506,0.10460192607125825
2020-07-28,24.86,25.85,24.05,25.44,0.02829426030719495,0.1045299320446389
2020-07-29,25.16,25.42,23.73,24.1,-0.05267295597484278,0.10410879871085639
2020-07-30,25.04,28.29,24.64,24.76,0.027385892116182475,0.10397445898551233
2020-07-31,24.79,26.41,23.55,24.46,-0.012116316639741553,0.1039749416898297
2020-08-03,25.75,26.01,22.17,24.28,-0.007358953393295176,0.10098567287738971
2020-08-04,24.01,24.76,22.92,23.76,-0.021416803953871466,0.10030833463390983
2020-08-05,23.44,23.61,22.86,22.99,-0.03240740740740755,0.10029216083276302
2020-08-06,23.03,24.11,20.97,22.65,-0.014789038712483715,0.09993966857528756
2020-08-07,23.45,24.02,22.02,22.21,-0.019426048565121312,0.09988238623589442
2020-08-10,22.88,23.52,21.46,22.13,-0.0036019810895994153,0.09932127525076978
2020-08-11,21.85,24.93,20.28,24.03,0.08585630366018981,0.09870711439205553
2020-08-12,22.82,22.88,21.54,22.28,-0.07282563462338743,0.09749467373094742
2020-08-13,22.2,22.92,21.45,22.13,-0.006732495511669767,0.09757399734052527
2020-08-14,22.27,23.55,21.79,22.05,-0.0036150022593763875,0.09721387519133383
2020-08-17,22.52,22.82,21.34,21.35,-0.031746031746031744,0.09704350435855363
2020-08-18,21.69,22.55,21.18,21.51,0.007494145199063329,0.09705100858704635
2020-08-19,21.6,22.98,20.99,22.54,0.04788470478847029,0.0968341078999393
2020-08-20,24.1,24.6,22.37,22.72,0.007985803016858917,0.09681907952791786
2020-08-21,22.58,24.47,22.06,22.54,-0.007922535211267623,0.09609732663512006
2020-08-24,22.87,23.18,21.25,22.37,-0.007542147293699952,0.09607874825640321
2020-08-25,22.16,23.43,21.53,22.03,-0.015198927134555174,0.09603639901637058
2020-08-26,22.14,23.27,20.92,23.27,0.0562868815251929,0.0959883795885711
2020-08-27,23.42,27.09,21.44,24.47,0.05156854318865478,0.09590680851696326
2020-08-28,24.59,26.3,22.64,22.96,-0.06170821413976291,0.09588538175633603
2020-08-31,23.91,26.5,21.77,26.41,0.1502613240418118,0.09595833253249984
2020-09-01,25.86,26.59,25.02,26.12,-0.010980689132904176,0.096077575994371
2020-09-02,26.01,27.07,25.53,26.57,0.017228177641653852,0.0959894781472427
2020-09-03,26.28,35.94,25.66,33.6,0.264584117425668,0.09584341702046309
2020-09-04,34.62,38.28,29.5,30.75,-0.0848214285714286,0.09722231653649016
2020-09-08,30.61,35.93,30.52,31.46,0.023089430894309038,0.09739423164083931
2020-09-09,31.68,31.78,28.12,28.81,-0.08423394787031158,0.09735583696551967
2020-09-10,28.67,30.56,27.59,29.71,0.0312391530718501,0.09750442393204038
2020-09-11,28.63,29.73,26.51,26.87,-0.09559071019858634,0.09748178292679417
2020-09-14,25.86,26.79,25.38,25.85,-0.03796055080014882,0.0976226350984171
2020-09-15,25.92,26.0,24.92,25.59,-0.0100580270793037,0.09765329287399926
2020-09-16,25.31,26.59,24.84,26.04,0.017584994138335253,0.09762517734251414
2020-09-17,28.22,28.92,26.26,26.46,0.016129032258064502,0.09762760875092466
2020-09-18,26.65,28.1,25.28,25.83,-0.023809523809523947,0.09748488525474974
2020-09-21,28.04,31.18,27.39,27.78,0.07549361207897798,0.0974810266849529
2020-09-22,28.61,28.78,26.48,26.86,-0.03311735061195109,0.09719131246334323
2020-09-23,27.02,29.73,25.19,28.58,0.06403574087862984,0.0971215782576212
2020-09-24,29.54,30.49,27.94,28.51,-0.0024492652204337606,0.09719022189395123
2020-09-25,28.17,30.43,26.02,26.38,-0.07471062784987736,0.09710398179839941
2020-09-28,27.15,27.19,24.9,26.19,-0.007202426080363811,0.09715697007585461
2020-09-29,26.81,27.43,25.98,26.27,0.0030546009927452378,0.09677177404919599
2020-09-30,26.69,27.12,25.06,26.37,0.003806623524933439,0.09655398093449798
2020-10-01,25.78,27.11,25.33,26.7,0.012514220705347023,0.0964359762548858
2020-10-02,28.87,29.9,26.93,27.63,0.03483146067415732,0.09616378935711088
2020-10-05,29.52,29.69,27.27,27.96,0.011943539630836053,0.09614403235000428
2020-10-06,28.05,30.0,26.01,29.48,0.05436337625178833,0.09579187327468407
2020-10-07,29.26,29.76,27.94,28.06,-0.04816824966078703,0.09568472988220897
2020-10-08,27.65,27.99,24.88,26.36,-0.06058446186742694,0.09566197014464155
2020-10-09,26.2,26.22,24.03,25.0,-0.05159332321699539,0.0954561467685223
2020-10-12,25.65,25.65,24.14,25.07,0.0027999999999999137,0.09542029041100704
2020-10-13,25.67,26.93,25.16,26.07,0.039888312724371655,0.09529555363462978
2020-10-14,25.72,27.23,25.53,26.4,0.012658227848101111,0.09531865649099139
2020-10-15,27.1,29.06,26.82,26.97,0.021590909090908994,0.09531938055192149
2020-10-16,27.16,27.46,26.19,27.41,0.01631442343344469,0.09530903804855871
2020-10-19,27.36,29.69,27.04,29.18,0.06457497263772338,0.09529866216709686
2020-10-20,28.81,29.6,28.29,29.35,0.0058259081562714865,0.0953546878483665
2020-10-21,29.12,30.55,28.37,28.65,-0.02385008517887577,0.09532422566748278
2020-10-22,30.1,30.12,27.68,28.11,-0.01884816753926699,0.09532726722219335
2020-10-23,28.47,28.67,27.26,27.55,-0.01992173603699743,0.09519122848330543
2020-10-26,29.38,33.68,29.22,32.46,0.17822141560798554,0.09518859383417307
2020-10-27,32.04,33.77,31.85,33.35,0.027418361059765806,0.09580258963330998
2020-10-28,34.69,40.77,34.68,40.28,0.20779610194902554,0.09569644337184413
2020-10-29,38.8,41.16,35.63,37.59,-0.06678252234359483,0.09644284792410457
2020-10-30,40.81,41.09,36.5,38.02,0.01143921255653102,0.09643386487790544
2020-11-02,38.57,38.78,36.13,37.13,-0.023408732246186226,0.09640919181408532
2020-11-03,36.44,36.44,34.19,35.55,-0.042553191489361875,0.096426926307389
2020-11-04,36.79,36.85,28.03,29.57,-0.16821378340365678,0.09643871793417473
2020-11-05,27.56,28.14,26.04,27.58,-0.06729793709841059,0.09708258313253146
2020-11-06,27.87,29.44,24.56,24.86,-0.0986221899927483,0.0971254750606072
2020-11-09,24.8,25.82,22.41,25.75,0.035800482703137515,0.09731656326049588
2020-11-10,25.36,26.77,24.35,24.8,-0.03689320388349515,0.09733244538321437
2020-11-11,25.01,25.12,22.57,23.45,-0.05443548387096775,0.09736516160439597
2020-11-12,24.39,27.27,23.53,25.35,0.08102345415778256,0.09744203355387056
2020-11-13,24.94,25.03,22.74,23.1,-0.08875739644970415,0.09741151440982185
2020-11-16,23.66,24.08,22.43,22.45,-0.02813852813852824,0.09758513864951472
2020-11-17,22.84,24.09,22.34,22.71,0.01158129175946554,0.09759658044094509
2020-11-18,22.86,23.92,21.66,23.84,0.049757815940114414,0.09759377298038542
2020-11-19,23.62,24.52,22.56,23.11,-0.03062080536912748,0.09762320849503525
2020-11-20,23.43,23.73,22.13,23.7,0.02553007356122894,0.09755987102763068
2020-11-23,23.66,23.96,22.45,22.66,-0.04388185654008436,0.09752539634464047
2020-11-24,22.04,22.48,20.8,21.64,-0.04501323918799649,0.0975537473148391
2020-11-25,21.65,22.5,21.13,21.25,-0.01802218114602594,0.09760636988428771
2020-11-27,21.52,21.6,19.51,20.84,-0.019294117647058795,0.097524888532465
2020-11-30,22.64,22.89,20.48,20.57,-0.012955854126679434,0.09690156487431306
2020-12-01,20.21,20.92,20.0,20.77,0.009722897423432242,0.09682074558250305
2020-12-02,21.0,21.25,20.04,21.17,0.01925854597977872,0.09669476633612306
2020-12-03,21.24,21.88,20.72,21.28,0.0051960321209258975,0.09668616453071939
2020-12-04,21.05,21.15,19.97,20.79,-0.023026315789473784,0.09659068754310009
2020-12-07,22.04,22.62,21.17,21.3,0.024531024531024626,0.09608143377534908
2020-12-08,21.65,22.25,20.52,20.68,-0.029107981220657275,0.09608342781753694
2020-12-09,20.66,22.93,20.1,22.27,0.07688588007736952,0.09605732255310176
2020-12-10,22.12,23.46,21.53,22.52,0.011225864391558149,0.0960433958415512
2020-12-11,22.49,25.14,22.48,23.31,0.03507992895204248,0.09583393183033331
2020-12-14,22.67,24.82,21.95,24.72,0.06048906048906044,0.09580790046768525
2020-12-15,24.0,24.07,22.73,22.89,-0.07402912621359214,0.09586766364992846
2020-12-16,22.51,23.67,22.29,22.5,-0.017038007863695914,0.09599807857129035
2020-12-17,21.98,22.27,21.52,21.93,-0.02533333333333332,0.09600619819789313
2020-12-18,22.15,23.77,21.57,21.57,-0.01641586867305056,0.096026606304515
2020-12-21,24.25,31.46,24.23,25.16,0.16643486323597578,0.09603733879261869
2020-12-22,25.24,25.56,23.53,24.23,-0.036963434022257546,0.09657010734309947
2020-12-23,23.49,23.68,22.13,23.31,-0.037969459347915846,0.09660850828643922
2020-12-24,22.47,22.83,21.39,21.53,-0.07636207636207626,0.09658661464560761
2020-12-28,22.11,22.12,21.15,21.7,0.007895959126799745,0.09652999927312116
2020-12-29,21.61,23.72,20.99,23.08,0.06359447004608287,0.09640994971300659
2020-12-30,22.58,23.15,22.41,22.77,-0.013431542461005197,0.09626439876290446
2020-12-31,22.99,23.25,21.24,22.75,-0.0008783487044355942,0.09598173657174468
2021-01-04,23.04,29.19,22.56,26.97,0.1854945054945054,0.09597582492506146
2021-01-05,26.94,28.6,24.8,25.34,-0.060437523173896834,0.09664169416559727
2021-01-06,25.48,26.77,22.14,25.07,-0.010655090765588016,0.09671499786866844
2021-01-07,23.67,23.91,22.25,22.37,-0.10769844435580367,0.09660612726684636
2021-01-08,22.43,23.34,21.42,21.56,-0.03620920876173461,0.09687726291161518
2021-01-11,23.31,24.81,23.23,24.08,0.11688311688311681,0.09690144373753715
2021-01-12,23.49,25.15,22.83,23.33,-0.03114617940199338,0.09715293535531079
2021-01-13,23.07,24.18,21.92,22.21,-0.04800685812258887,0.09718229346271011
2021-01-14,22.22,23.47,21.66,23.25,0.04682575416479051,0.09723953939382
2021-01-15,23.52,25.8,23.08,24.34,0.04688172043010752,0.09726033075234779
2021-01-19,23.03,23.56,22.53,23.24,-0.04519309778142977,0.09723062337961975
2021-01-20,22.82,22.86,21.37,21.58,-0.0714285714285714,0.09728607477063932
2021-01-21,21.34,22.22,21.09,21.32,-0.012048192771084265,0.09741105241313625
2021-01-22,22.24,23.73,21.27,21.91,0.027673545966228952,0.0971412954188644
2021-01-25,22.31,26.63,22.2,23.19,0.05842081241442276,0.0958846316923915
2021-01-26,23.91,23.94,22.55,23.02,-0.007330746011211753,0.0956805225555332
2021-01-27,23.82,37.21,23.71,37.21,0.6164205039096438,0.09568392279704163
2021-01-28,33.25,36.29,27.39,30.21,-0.18812147272238644,0.1031152557452759
2021-01-29,35.16,37.51,29.24,33.09,0.09533267130089373,0.10300870520574013
2021-02-01,31.45,33.96,29.03,30.24,-0.08612873980054414,0.10310681477661952
2021-02-02,28.01,28.08,25.31,25.56,-0.15476190476190477,0.10302318827827751
2021-02-03,24.59,25.43,22.91,22.91,-0.10367762128325508,0.103454587919121
2021-02-04,23.44,23.44,21.68,21.77,-0.0497599301615016,0.10368318087392069
2021-02-05,21.99,22.16,20.86,20.87,-0.04134129536058795,0.10372883446967389
2021-02-08,21.89,22.07,21.23,21.24,0.01772879731672239,0.10375012400525938
2021-02-09,21.57,22.26,20.65,21.63,0.01836158192090398,0.10375256810216892
2021-02-10,21.64,23.85,19.69,21.99,0.01664355062413314,0.10355729784915747
2021-02-11,22.09,23.25,21.11,21.25,-0.03365165984538421,0.10354871084387489
2021-02-12,21.6,22.45,19.95,19.97,-0.060235294117647165,0.10354938520918283
2021-02-16,21.13,22.46,20.88,21.46,0.07461191787681543,0.1035170997936483
2021-02-17,22.02,23.44,21.09,21.5,0.0018639328984155767,0.10358249844586158
2021-02-18,21.98,24.23,21.8,22.49,0.04604651162790696,0.10347099042631502
2021-02-19,23.1,23.19,20.84,22.05,-0.019564250778123515,0.10333859513573636
2021-02-22,24.46,25.09,21.96,23.45,0.06349206349206349,0.09914103993066041
2021-02-23,22.82,27.01,22.5,23.11,-0.01449893390191892,0.09897284627347191
2021-02-24,23.76,25.04,21.31,21.34,-0.0765902206836867,0.0989755092216322
2021-02-25,21.73,31.16,21.52,28.89,0.35379568884723533,0.0954915498090017
2021-02-26,28.73,30.82,25.23,27.95,-0.032537210107303594,0.0980457538281162
2021-03-01,25.2,25.39,23.17,23.35,-0.16457960644007152,0.09747847437584789
2021-03-02,23.58,24.6,22.8,24.1,0.032119914346895095,0.09785466007855743
2021-03-03,22.8,26.79,22.45,26.67,0.10663900414937766,0.09750383190342801
2021-03-04,26.52,31.9,24.93,28.57,0.07124109486314212,0.09657718867032095
2021-03-05,29.48,30.03,24.33,24.66,-0.13685684284214206,0.09661007193091127
2021-03-08,27.61,28.39,24.07,25.47,0.03284671532846706,0.09516716348856265
2021-03-09,25.11,25.25,22.9,24.03,-0.05653710247349819,0.09481651720320494
2021-03-10,23.76,23.87,22.38,22.56,-0.06117353308364559,0.09448039238162405
2021-03-11,22.5,22.5,21.45,21.91,-0.028812056737588576,0.0910911682911503
2021-03-12,22.57,22.99,20.63,20.69,-0.05568233683249657,0.08990400820501018
2021-03-15,21.84,21.86,19.87,20.03,-0.03189946834219426,0.08572039854463903
2021-03-16,20.14,20.31,19.33,19.79,-0.011982026959560743,0.08559172927336042
2021-03-17,20.1,20.95,19.18,19.23,-0.028297119757453193,0.08559202814425655
2021-03-18,18.95,22.6,18.95,21.58,0.12220488819552777,0.08553422366813444
2021-03-19,21.43,23.17,19.9,20.95,-0.02919369786839665,0.08573919866573543
2021-03-22,21.91,22.29,18.87,18.88,-0.09880668257756564,0.08565478597520153
2021-03-23,19.46,21.58,18.8,20.3,0.07521186440677985,0.08587747699682291
2021-03-24,20.64,21.49,19.3,21.2,0.04433497536945796,0.0859801766952402
2021-03-25,20.8,23.55,19.81,19.81,-0.06556603773584913,0.08598108765900007
2021-03-26,19.32,21.49,18.68,18.86,-0.047955577990913656,0.08594418657274934
2021-03-29,20.4,21.6,19.42,20.74,0.09968186638388121,0.08561302370939354
2021-03-30,20.76,21.75,19.47,19.61,-0.05448408871745414,0.08576214126447056
2021-03-31,19.8,20.11,18.85,19.4,-0.010708822029576792,0.08572614750788635
2021-04-01,18.6,18.64,17.29,17.33,-0.10670103092783512,0.08545998301362942
2021-04-05,18.16,18.4,17.35,17.91,0.033467974610502216,0.0855734700046122
2021-04-06,18.07,18.3,17.37,18.12,0.011725293132328396,0.08557551076835113
2021-04-07,17.99,18.17,16.87,17.16,-0.052980132450331174,0.08555382156952407
2021-04-08,16.92,17.36,16.55,16.95,-0.012237762237762295,0.08549934252247696
2021-04-09,17.05,17.34,16.2,16.69,-0.015339233038347944,0.08546808406103273
2021-04-12,17.43,17.91,16.81,16.91,0.013181545835829755,0.08547017328034416
2021-04-13,16.99,17.86,16.43,16.65,-0.015375517445298748,0.08531371331283656
2021-04-14,16.71,17.69,15.38,16.99,0.02042042042042036,0.08516174752858081
2021-04-15,16.78,16.92,15.94,16.57,-0.024720423778693212,0.08516457291625726
2021-04-16,16.65,16.88,16.05,16.25,-0.01931200965600488,0.08512285992678253
2021-04-19,17.04,18.61,16.78,17.29,0.06400000000000006,0.08460354797992806
2021-04-20,17.36,19.7,17.24,18.68,0.08039329091960679,0.08467087109744362
2021-04-21,18.48,19.29,16.91,17.5,-0.06316916488222701,0.08469155656671544
2021-04-22,17.28,19.9,16.99,18.71,0.06914285714285717,0.08478092108443797
2021-04-23,18.56,18.78,16.8,17.33,-0.0737573490112241,0.08448134074387635
2021-04-26,17.94,18.17,16.87,17.64,0.0178880553952685,0.08448233200195629
2021-04-27,17.62,18.16,16.97,17.56,-0.0045351473922903285,0.08448799910254705
2021-04-28,17.47,17.84,16.67,17.28,-0.015945330296127436,0.08437069893748733
2021-04-29,16.88,18.87,16.77,17.61,0.0190972222222221,0.08417173554792952
2021-04-30,17.67,19.25,17.64,18.61,0.05678591709256109,0.08399210460017746
2021-05-03,18.65,19.12,17.8,18.31,-0.016120365394948988,0.08404212123877115
2021-05-04,18.16,21.85,18.11,19.48,0.06389950846531955,0.08394402598331083
2021-05-05,18.84,19.58,17.89,19.15,-0.016940451745379947,0.08403431081150396
2021-05-06,18.41,20.6,18.21,18.39,-0.03968668407310694,0.08389065886199276
2021-05-07,18.45,18.57,16.68,16.69,-0.0924415443175639,0.08363378902619817
2021-05-10,17.34,19.75,17.07,19.66,0.1779508687837028,0.08383824851437795
2021-05-11,21.17,23.73,20.71,21.84,0.11088504577823,0.08365471666528503
2021-05-12,22.42,28.38,21.66,27.59,0.26327838827838823,0.08383704140906645
2021-05-13,26.03,28.93,22.23,23.13,-0.16165277274374779,0.08531667955998103
2021-05-14,21.77,22.1,18.66,18.81,-0.1867704280155642,0.08593291637036617
2021-05-17,19.89,21.58,19.67,19.72,0.04837852206273263,0.08660008849410764
2021-05-18,18.89,21.45,18.81,21.34,0.08215010141987844,0.08661302601879786
2021-05-19,22.46,25.96,21.88,22.18,0.03936269915651369,0.08659427394751021
2021-05-20,22.33,23.5,20.19,20.67,-0.06807935076645621,0.08656161372430499
2021-05-21,20.42,20.89,19.53,20.15,-0.02515723270440262,0.08662134018385825
2021-05-24,20.5,20.51,18.38,18.4,-0.08684863523573205,0.08663724994337847
2021-05-25,18.35,19.29,16.87,18.84,0.023913043478260843,0.08681374696117318
2021-05-26,18.37,18.92,17.35,17.36,-0.07855626326963905,0.08679933057896372
2021-05-27,18.03,18.17,16.52,16.74,-0.03571428571428581,0.08691203895142373
2021-05-28,16.8,16.86,15.9,16.76,0.0011947431302272715,0.0869296865573064
2021-06-01,17.24,18.53,15.68,17.9,0.06801909307875875,0.08687048600737712
2021-06-02,17.86,18.31,16.74,17.48,-0.02346368715083791,0.08692392091165471
2021-06-03,17.73,19.27,17.45,18.04,0.03203661327231111,0.08693837813439521
2021-06-04,18.09,18.42,16.18,16.42,-0.08980044345897986,0.08689689857573893
2021-06-07,17.34,17.35,15.78,16.42,0.0,0.08703137652441065
2021-06-08,16.58,17.75,15.15,17.07,0.039585870889159436,0.08692853399722934
2021-06-09,17.18,17.96,15.55,17.89,0.04803749267721158,0.08696221240821533
2021-06-10,18.18,18.29,16.01,16.1,-0.10005589714924534,0.08154961750324236
2021-06-11,16.18,16.2,15.15,15.65,-0.02795031055900632,0.08146935192833758
2021-06-14,16.04,17.04,15.04,16.39,0.047284345047923226,0.08143471416952376
2021-06-15,16.27,17.35,16.14,17.02,0.03843807199511895,0.08147872630983366
2021-06-16,16.99,19.11,16.42,18.15,0.06639247943595761,0.08151376605746476
2021-06-17,18.49,19.22,16.71,17.75,-0.022038567493112837,0.08161417041471561
2021-06-18,16.96,21.04,16.92,20.7,0.16619718309859155,0.08152033400700558
2021-06-21,21.74,21.82,17.81,17.89,-0.13574879227053138,0.08196488361649018
2021-06-22,17.91,18.32,15.76,16.66,-0.0687534935718278,0.08241778992534168
2021-06-23,16.25,16.84,14.86,16.32,-0.020408163265306145,0.082385859219787
2021-06-24,15.99,16.05,14.19,15.97,-0.021446078431372473,0.08233972439763254
2021-06-25,16.04,16.17,15.21,15.62,-0.021916092673763377,0.08220363542506855
2021-06-28,16.07,16.46,15.39,15.76,0.008962868117797784,0.08203867068949736
2021-06-29,15.69,16.31,14.1,16.02,0.016497461928933976,0.08199564502823006
2021-06-30,16.18,17.31,15.58,15.83,-0.011860174781523014,0.08191347750901144
2021-07-01,15.62,16.01,15.31,15.48,-0.02210991787744787,0.08188968448822648
2021-07-02,15.53,15.54,14.25,15.07,-0.026485788113695063,0.08190066655220919
2021-07-06,15.77,17.94,15.73,16.44,0.09090909090909105,0.08185018794582576
2021-07-07,16.43,17.64,16.08,16.2,-0.014598540145985495,0.08199688059128114
2021-07-08,17.74,21.29,17.74,19.0,0.1728395061728396,0.08196106991156082
2021-07-09,17.88,18.13,16.08,16.18,-0.148421052631579,0.08256591972312909
2021-07-12,16.85,17.52,16.14,16.17,-0.0006180469715697523,0.08233311672710364
2021-07-13,16.39,17.23,15.94,17.12,0.05875077303648735,0.08216314030094642
2021-07-14,17.34,17.51,15.95,16.33,-0.04614485981308425,0.08215539623067507
2021-07-15,16.7,18.09,16.56,17.01,0.0416411512553585,0.08220835790246027
2021-07-16,16.8,18.7,16.03,18.45,0.08465608465608443,0.08207579648268301
2021-07-19,19.61,25.09,19.27,22.5,0.2195121951219512,0.08218495542480722
2021-07-20,20.89,22.97,19.37,19.73,-0.12311111111111106,0.08332499427415417
2021-07-21,19.73,19.82,17.81,17.91,-0.09224531170805883,0.08369148067547874
2021-07-22,17.59,18.45,17.4,17.69,-0.012283640424343933,0.08378593479516284
2021-07-23,16.98,17.48,16.33,17.2,-0.027699265121537753,0.08378777103742546
2021-07-26,18.67,19.39,17.53,17.58,0.02209302325581386,0.08376150296303166
2021-07-27,18.62,20.44,18.25,19.36,0.10125142207053472,0.08375452665012802
2021-07-28,19.41,19.62,17.52,18.31,-0.05423553719008267,0.08391868015146657
2021-07-29,17.91,18.01,17.19,17.7,-0.03331512834516659,0.08397957825390344
2021-07-30,19.69,19.72,17.53,18.24,0.03050847457627115,0.08400459566149265
2021-08-02,18.16,19.87,17.99,19.46,0.06688596491228083,0.08402192949142703
2021-08-03,19.17,20.44,17.7,18.04,-0.0729701952723536,0.08410833848669984
2021-08-04,18.23,18.9,17.67,17.97,-0.0038802660753880502,0.08421486503961081
2021-08-05,17.73,17.84,17.23,17.28,-0.03839732888146896,0.08420881876000821
2021-08-06,17.46,17.5,16.14,16.15,-0.06539351851851871,0.084237027593408
2021-08-09,17.12,17.39,16.59,16.72,0.03529411764705892,0.08434480297937283
2021-08-10,16.82,17.05,16.34,16.79,0.004186602870813516,0.08420338736825887
2021-08-11,16.81,17.09,15.87,16.06,-0.0434782608695653,0.08407010500620474
2021-08-12,16.33,16.42,15.49,15.59,-0.029265255292652448,0.08411770377112236
2021-08-13,15.68,15.72,15.19,15.45,-0.008980115458627314,0.08414015297773961
2021-08-16,17.05,17.71,16.02,16.12,0.0433656957928803,0.08411597080853667
2021-08-17,17.31,19.56,16.71,17.91,0.1110421836228288,0.08415607986326001
2021-08-18,17.56,21.64,17.31,21.57,0.204355108877722,0.08438861888633595
2021-08-19,23.12,24.74,20.37,21.67,0.004636068613815603,0.08534989110468724
2021-08-20,22.74,23.9,18.18,18.56,-0.14351638209506246,0.08534706435776307
2021-08-23,18.83,18.95,16.95,17.15,-0.07596982758620696,0.08584737426272557
2021-08-24,16.96,17.51,16.94,17.22,0.004081632653061273,0.08598396678864559
2021-08-25,17.42,17.5,16.46,16.79,-0.024970963995354256,0.08591588450145782
2021-08-26,17.46,19.27,17.16,18.84,0.12209648600357359,0.08587550934892611
2021-08-27,17.95,18.22,16.11,16.39,-0.13004246284501053,0.0861155405140361
2021-08-30,16.77,16.8,15.98,16.19,-0.01220256253813301,0.08600996431985616
2021-08-31,15.98,17.07,15.91,16.48,0.017912291537986347,0.08601070980206983
2021-09-01,16.06,16.71,15.68,16.11,-0.022451456310679685,0.08601122396824361
2021-09-02,16.27,16.98,15.73,16.41,0.01862197392923659,0.08438536027807828
2021-09-03,16.27,17.06,16.08,16.41,0.0,0.08421961635682138
2021-09-07,16.94,18.39,16.89,18.14,0.10542352224253504,0.08420766924721276
2021-09-08,18.97,19.64,17.78,17.96,-0.009922822491730932,0.0842941602121679
2021-09-09,19.44,19.54,17.17,18.8,0.04677060133630295,0.08427585457815467
2021-09-10,17.94,21.13,16.99,20.95,0.1143617021276595,0.08409971070147712
2021-09-13,19.64,21.18,18.76,19.37,-0.07541766109785197,0.08436177518275138
2021-09-14,19.58,20.47,18.39,19.46,0.004646360351058254,0.08450176300901743
2021-09-15,19.3,20.27,18.01,18.18,-0.0657759506680371,0.08449623969137626
2021-09-16,18.41,19.76,17.65,18.69,0.028052805280528226,0.08460037945038634
2021-09-17,18.37,21.51,18.35,20.81,0.11342964151952906,0.08460096420803828
2021-09-20,24.25,28.79,23.9,25.71,0.23546371936568966,0.08476719554205375
2021-09-21,23.41,25.6,21.71,24.36,-0.052508751458576475,0.08601140384458492
2021-09-22,22.72,23.4,20.75,20.87,-0.14326765188834145,0.08599626000399826
2021-09-23,19.91,20.21,18.42,18.63,-0.10733109726880696,0.08649019706209882
2021-09-24,19.33,20.41,17.63,17.75,-0.04723564143853998,0.08663116061534278
2021-09-27,17.78,19.32,17.74,18.76,0.05690140845070424,0.08668532193406507
2021-09-28,19.74,24.82,19.71,23.25,0.2393390191897653,0.08675508621304802
2021-09-29,22.07,23.79,21.45,22.56,-0.029677419354838808,0.08804293374946491
2021-09-30,21.48,24.71,20.6,23.14,0.025709219858156107,0.0880651569402013
2021-10-01,24.78,24.89,20.64,21.15,-0.08599827139152993,0.08805375518776853
2021-10-04,22.9,24.58,21.88,22.96,0.0855791962174941,0.08823081898915658
2021-10-05,22.92,23.17,20.62,21.3,-0.07229965156794427,0.08832661124417931
2021-10-06,22.95,24.4,20.99,21.0,-0.014084507042253502,0.08839545098601519
2021-10-07,20.54,20.76,19.07,19.54,-0.06952380952380954,0.0883110953571222
2021-10-08,19.46,19.94,18.2,18.77,-0.0394063459570112,0.08836260738988003
2021-10-11,19.93,20.45,18.11,20.0,0.06553010122535974,0.0884025285552449
2021-10-12,20.62,20.81,18.97,19.85,-0.007499999999999951,0.08846102129807687
2021-10-13,20.14,20.23,18.44,18.64,-0.06095717884130991,0.08846094009535
2021-10-14,18.01,18.08,16.8,16.86,-0.09549356223175975,0.08854323004407358
2021-10-15,16.64,16.85,15.72,16.3,-0.033214709371292894,0.08875336719604618
2021-10-18,17.29,17.93,16.27,16.31,0.0006134969325151118,0.08869049699489617
2021-10-19,16.09,16.31,15.57,15.7,-0.03740036787247081,0.08869003706083327
2021-10-20,15.82,15.89,15.29,15.49,-0.013375796178343946,0.08870958293960883
2021-10-21,16.06,16.11,14.92,15.01,-0.030987734021949653,0.08870528956559957
2021-10-22,15.35,16.39,14.84,15.43,0.027981345769487076,0.08871864580711747
2021-10-25,16.14,16.33,15.1,15.24,-0.012313674659753748,0.08802071933648326
2021-10-26,15.02,16.71,14.9,15.98,0.04855643044619429,0.08800794031461648
2021-10-27,15.79,17.29,15.54,16.98,0.06257822277847302,0.08707233201429296
2021-10-28,17.06,17.16,16.23,16.53,-0.026501766784452263,0.0870595144317584
2021-10-29,17.4,18.06,16.13,16.26,-0.016333938294010864,0.087073095177545
2021-11-01,16.85,17.7,16.32,16.41,0.009225092250922495,0.08706655620822573
2021-11-02,16.54,16.65,15.89,16.03,-0.023156611822059636,0.08702606723155161
2021-11-03,16.11,16.39,14.9,15.1,-0.05801621958827208,0.08637859346923311
2021-11-04,15.06,16.14,14.73,15.44,0.02251655629139071,0.0863511239797805
2021-11-05,15.59,17.02,14.95,16.48,0.06735751295336789,0.08612941948959879
2021-11-08,17.23,17.69,16.44,17.22,0.04490291262135915,0.0862029982901313
2021-11-09,17.43,18.57,17.21,17.78,0.03252032520325221,0.08621147611527002
2021-11-10,17.74,19.9,17.22,18.73,0.053430821147356644,0.08615849595766394
2021-11-11,18.34,18.39,17.27,17.66,-0.057127602776294695,0.0860748665765454
2021-11-12,17.49,17.69,16.15,16.29,-0.07757644394110996,0.08596383597986278
2021-11-15,17.03,17.46,16.49,16.49,0.012277470841006721,0.08609092536668603
2021-11-16,16.86,17.08,16.03,16.37,-0.007277137659187249,0.0860912442213315
2021-11-17,16.36,17.19,16.28,17.11,0.04520464263897361,0.08604003394349491
2021-11-18,16.81,18.15,16.38,17.59,0.028053769725306932,0.08605863360152397
2021-11-19,17.36,19.01,17.23,17.91,0.01819215463331436,0.08606153064384124
2021-11-22,18.2,19.59,17.35,19.17,0.07035175879396993,0.08601758571601305
2021-11-23,20.24,20.91,19.03,19.38,0.010954616588419341,0.0860713902771673
2021-11-24,19.17,20.96,18.52,18.58,-0.04127966976264197,0.08606260235197204
2021-11-26,26.62,28.99,23.88,28.62,0.5403659849300324,0.08609672511914324
2021-11-29,25.31,25.69,21.71,22.96,-0.19776380153738649,0.09255635605658866
2021-11-30,26.23,28.56,23.71,27.19,0.18423344947735187,0.09344120676577838
2021-12-01,24.92,32.61,22.38,31.12,0.14453843324751747,0.09412716106392052
2021-12-02,29.44,30.68,27.15,27.95,-0.10186375321336771,0.09454010124304253
2021-12-03,26.95,35.32,25.89,30.67,0.09731663685152059,0.09476697121184173
2021-12-06,28.99,30.82,26.75,27.18,-0.113791979132703,0.09493818505969596
2021-12-07,24.58,24.69,21.58,21.89,-0.19462840323767472,0.09521288131848145
2021-12-08,21.74,23.11,19.85,19.9,-0.09090909090909105,0.09593737149063193
2021-12-09,20.31,22.12,19.94,21.58,0.08442211055276383,0.09612413421143202
2021-12-10,21.27,21.3,18.69,18.69,-0.13392029657089888,0.09623945558326917
2021-12-13,19.29,21.18,18.96,20.31,0.08667736757624378,0.09656505785503376
2021-12-14,19.67,23.0,19.67,21.89,0.07779419005416055,0.09658446722822324
2021-12-15,21.6,23.47,19.02,19.29,-0.11877569666514398,0.09668869763873651
2021-12-16,18.56,22.13,18.19,20.57,0.06635562467599798,0.09698317644110704
2021-12-17,20.7,23.26,20.49,21.57,0.04861448711716099,0.09705532557922399
2021-12-20,25.89,27.39,22.85,22.87,0.06026889197960128,0.0965485189798649
2021-12-21,22.28,22.68,20.9,21.01,-0.08132925229558374,0.09658026987874653
2021-12-22,21.04,21.36,18.59,18.63,-0.11327939076630189,0.09669479832466243
2021-12-23,18.81,18.93,17.62,17.96,-0.03596349973161561,0.09684581640156524
2021-12-27,19.37,19.41,17.55,17.68,-0.015590200445434355,0.09687785907651694
2021-12-28,17.78,18.47,17.51,17.54,-0.007918552036199178,0.09681001192395607
2021-12-29,17.63,18.0,16.71,16.95,-0.033637400228050174,0.0968068401771304
2021-12-30,17.3,17.79,16.62,17.33,0.022418879056047114,0.09683455567383482
2021-12-31,17.63,18.27,16.99,17.22,-0.006347374495095148,0.09614760718676962
2022-01-03,17.6,18.54,16.56,16.6,-0.03600464576074314,0.0960664140588268
2022-01-04,16.57,17.81,16.34,16.91,0.01867469879518069,0.09609387487781133
2022-01-05,17.07,20.17,16.58,19.73,0.1667652276759315,0.0958437300913042
2022-01-06,20.29,21.06,19.08,19.61,-0.00608210846426771,0.09636816974138385
2022-01-07,19.85,20.8,18.57,18.76,-0.043345232024477154,0.09610239068395832
2022-01-10,19.58,23.33,19.29,19.4,0.03411513859275028,0.09612307720100942
2022-01-11,19.62,21.0,18.2,18.41,-0.051030927835051476,0.09608730909760667
2022-01-12,18.17,18.69,17.36,17.62,-0.042911461162411735,0.09610999789329511
2022-01-13,18.06,20.61,17.45,20.31,0.15266742338251982,0.09611406883994207
2022-01-14,20.11,22.07,19.05,19.19,-0.05514524864598702,0.09653026921317569
2022-01-18,21.18,23.2,21.18,22.79,0.18759770713913482,0.09648486809170834
2022-01-19,23.12,23.99,21.85,23.85,0.04651162790697683,0.09717733606559228
2022-01-20,23.46,25.89,21.68,25.59,0.07295597484276728,0.09720264199060945
2022-01-21,25.38,29.79,25.31,28.85,0.1273935130910513,0.09723929104934698
2022-01-24,28.2,38.94,28.02,29.9,0.03639514731369142,0.097545302300549
2022-01-25,32.29,35.85,29.13,31.16,0.0421404682274249,0.08951709615848516
2022-01-26,29.35,33.04,26.9,31.96,0.025673940949935803,0.088724875297616
2022-01-27,32.19,33.0,28.42,30.49,-0.04599499374217775,0.08854552643994104
2022-01-28,30.27,32.82,27.28,27.66,-0.09281731715316488,0.08841859211412664
2022-01-31,28.36,29.41,24.71,24.83,-0.1023138105567607,0.08805880572219736
2022-02-01,24.57,25.33,21.96,21.96,-0.11558598469593229,0.08805215348661943
2022-02-02,21.56,22.73,20.46,22.09,0.005919854280509895,0.08831145967409293
2022-02-03,22.63,25.81,22.3,24.35,0.10230873698506127,0.08826524696992384
2022-02-04,23.77,26.26,22.07,23.22,-0.04640657084188926,0.08848037762355158
2022-02-07,24.09,24.82,22.02,22.86,-0.015503875968992276,0.08853360457004901
2022-02-08,23.09,23.48,21.32,21.44,-0.06211723534558178,0.08853845323187093
2022-02-09,21.27,21.3,19.93,19.96,-0.06902985074626866,0.08860512830477751
2022-02-10,20.37,24.77,20.18,23.91,0.19789579158316628,0.08863236228799891
2022-02-11,24.39,30.99,23.33,27.36,0.14429109159347542,0.08936850023733302
2022-02-14,29.17,32.04,28.33,28.33,0.0354532163742689,0.0898066108729886
2022-02-15,28.09,28.09,25.33,25.7,-0.09283445111189548,0.08978954262607707
2022-02-16,25.19,27.09,23.88,24.29,-0.05486381322957201,0.08998842771265507
2022-02-17,24.83,28.37,24.76,28.11,0.15726636475916012,0.08998767808598983
2022-02-18,26.66,29.71,26.38,27.75,-0.012806830309498363,0.09050062201934501
2022-02-22,31.8,32.04,28.4,28.81,0.03819819819819825,0.09036055130980801
2022-02-23,28.04,31.07,27.2,31.02,0.07670947587643173,0.0876296597097616
2022-02-24,37.5,37.79,29.45,30.32,-0.022566086395873652,0.08772099740983126
2022-02-25,31.68,32.0,26.93,27.59,-0.09003957783641159,0.08708209496055638
2022-02-28,32.44,33.51,28.43,30.15,0.09278724175425879,0.08726969936061367
2022-03-01,29.45,35.19,29.44,33.32,0.10514096185737976,0.08720873257869119
2022-03-02,34.2,34.41,30.12,30.74,-0.07743097238895569,0.08733984209266461
2022-03-03,30.52,32.01,29.31,30.48,-0.008458035133376618,0.08703470201743303
2022-03-04,31.9,34.65,31.47,31.98,0.04921259842519676,0.0870197823116051
2022-03-07,35.88,36.55,32.59,36.45,0.13977485928705446,0.0869799576717522
2022-03-08,36.19,37.52,32.78,35.13,-0.036213991769547316,0.08729661744915718
2022-03-09,33.74,34.12,31.39,32.45,-0.07628807287218897,0.08730955962323585
2022-03-10,33.03,34.03,30.23,30.23,-0.0684129429892143,0.08737723214332543
2022-03-11,30.43,31.04,28.84,30.75,0.017201455507773744,0.0874702955456451
2022-03-14,31.03,33.18,30.06,31.77,0.0331707317073171,0.08746667536969903
2022-03-15,33.13,33.83,29.57,29.83,-0.061063896757947767,0.08745805007721356
2022-03-16,29.02,29.8,26.29,26.67,-0.10593362386858851,0.08724469345679944
2022-03-17,26.51,27.47,25.25,25.67,-0.03749531308586429,0.08749969559419668
2022-03-18,26.36,26.82,23.85,23.87,-0.07012076353720298,0.0872944518016064
2022-03-21,25.14,25.36,22.99,23.53,-0.014243820695433618,0.08730772074182162
2022-03-22,24.02,24.02,22.7,22.94,-0.025074373140671513,0.08727828262279659
2022-03-23,23.04,24.03,22.64,23.57,0.027462946817785383,0.08718617980474974
2022-03-24,23.61,23.79,21.49,21.67,-0.0806109461179465,0.08713556832777367
2022-03-25,21.87,22.86,20.8,20.81,-0.039686202122750536,0.08709045886399132
2022-03-28,22.14,23.33,19.54,19.63,-0.05670350792888035,0.08705574413623668
2022-03-29,19.7,19.73,18.67,18.9,-0.03718797758532866,0.08713510921276447
2022-03-30,19.38,20.51,18.72,19.33,0.022751322751322745,0.08689221757598202
2022-03-31,19.68,21.48,19.54,20.56,0.06363166063114334,0.08688021529143557
2022-04-01,20.62,20.86,19.41,19.63,-0.045233463035019406,0.08696107670535867
2022-04-04,20.75,20.78,18.45,18.57,-0.053998981151298975,0.08694204611361943
2022-04-05,18.79,21.57,18.55,21.03,0.1324717285945074,0.08701364539769071
2022-04-06,21.27,24.78,21.24,22.1,0.050879695672848335,0.08738357987886264
2022-04-07,21.97,23.82,21.12,21.55,-0.02488687782805432,0.08743109879026759
2022-04-08,21.25,22.34,20.28,21.16,-0.018097447795823673,0.08744192609051392
2022-04-11,23.09,24.42,22.09,24.37,0.15170132325141772,0.08744793213720456
2022-04-12,24.94,25.38,22.27,24.26,-0.004513746409519848,0.0879219067407515
2022-04-13,23.52,24.45,21.37,21.82,-0.10057708161582857,0.08791032846696946
2022-04-14,21.72,22.7,20.85,22.7,0.04032997250229142,0.08808461362572832
2022-04-18,24.52,24.6,21.98,22.17,-0.023348017621145245,0.08798252772199584
2022-04-19,22.55,22.92,20.36,21.37,-0.03608479927830399,0.08789566476603676
2022-04-20,21.13,21.32,19.75,20.32,-0.04913430042115119,0.08783720778439448
2022-04-21,20.24,23.28,19.81,22.68,0.11614173228346458,0.08776325686864124
2022-04-22,22.71,28.27,22.62,28.21,0.24382716049382713,0.08804406431940807
2022-04-25,30.04,31.6,26.8,27.02,-0.042183622828784184,0.08933172876730043
2022-04-26,27.38,33.81,27.06,33.52,0.24056254626202822,0.08937260543514494
2022-04-27,31.11,32.77,29.82,31.6,-0.05727923627684972,0.09059668095645379
2022-04-28,29.91,32.0,28.0,29.99,-0.050949367088607644,0.0906292822822267
2022-04-29,28.97,34.34,28.54,33.4,0.11370456818939645,0.09069013143628234
2022-05-02,33.35,36.64,31.74,32.34,-0.031736526946107624,0.09087271560892986
2022-05-03,31.76,32.82,29.06,29.25,-0.09554730983302417,0.09089255464796937
2022-05-04,29.12,29.42,24.94,25.42,-0.13094017094017085,0.09107373624402819
2022-05-05,25.97,33.2,25.78,31.2,0.22738001573564115,0.0912727656388186
2022-05-06,32.23,35.34,29.83,30.19,-0.03237179487179476,0.09170015694666882
2022-05-09,31.9,35.48,31.9,34.75,0.15104339185160653,0.0914881748275206
2022-05-10,33.66,34.84,32.24,32.99,-0.0506474820143884,0.09048667638778575
2022-05-11,32.87,34.39,30.69,32.56,-0.013034252803879931,0.08993742645977958
2022-05-12,33.74,34.76,31.7,31.77,-0.024262899262899373,0.08911545782339693
2022-05-13,31.09,31.2,28.78,28.87,-0.09128108278249913,0.08909486030945167
2022-05-16,30.01,30.23,27.36,27.47,-0.04849324558365087,0.08917175237835155
2022-05-17,27.07,27.17,25.51,26.1,-0.049872588278121466,0.0892086110013318
2022-05-18,26.74,31.49,26.21,30.96,0.18620689655172407,0.08915647561225004
2022-05-19,31.24,33.11,29.06,29.35,-0.05200258397932811,0.08987198749263503
2022-05-20,28.78,32.91,28.06,29.43,0.002725724020442799,0.08975514135671203
2022-05-23,28.98,30.39,28.29,28.48,-0.032279986408426775,0.08974781485802001
2022-05-24,29.43,31.07,29.04,29.45,0.034058988764045006,0.08962128392101089
2022-05-25,29.33,30.23,28.16,28.37,-0.036672325976230824,0.08960032853813182
2022-05-26,28.42,28.46,27.11,27.5,-0.030666196686640834,0.08964050488361697
2022-05-27,27.5,27.54,25.57,25.72,-0.06472727272727274,0.08958295671047427
2022-05-30,26.16,26.81,26.08,26.54,0.03188180404354579,0.08967444187413004
2022-05-31,27.47,28.35,25.94,26.19,-0.013187641296156682,0.08967425705443485
2022-06-01,26.05,27.73,25.38,25.69,-0.019091256204658236,0.08947864666839044
2022-06-02,25.73,26.5,24.33,24.72,-0.037757882444531043,0.08949159762175585
2022-06-03,24.91,25.96,24.76,24.79,0.0028317152103560783,0.08950708637308766
2022-06-06,25.37,25.81,24.82,25.07,0.011294876966518874,0.08946589609389641
2022-06-07,25.54,26.24,23.88,24.02,-0.04188272836059037,0.08921740473832812
2022-06-08,24.37,24.78,23.74,23.96,-0.0024979184013321776,0.08924272291751852
2022-06-09,24.29,26.24,23.82,26.09,0.08889816360601,0.08920449152427673
2022-06-10,26.26,29.63,26.05,27.75,0.06362591031046372,0.0893369169740628
2022-06-13,31.37,35.05,31.29,34.02,0.22594594594594608,0.08932950664943111
2022-06-14,33.01,34.0,32.06,32.69,-0.03909465020576153,0.09039384725923574
2022-06-15,32.39,32.77,27.76,29.62,-0.0939125114713979,0.0898674366150432
2022-06-16,30.35,34.82,30.35,32.95,0.11242403781228916,0.0896418508502114
2022-06-17,32.84,33.31,30.47,31.13,-0.055235204855842324,0.089769295529408
2022-06-20,32.06,32.16,30.98,31.03,-0.0032123353678122912,0.08983819458167883
2022-06-21,30.63,30.65,29.33,30.19,-0.027070576861102147,0.089822941118054
2022-06-22,31.45,31.57,28.78,28.95,-0.041073203047366724,0.0898300625859684
2022-06-23,29.29,29.77,28.74,29.05,0.003454231433505983,0.08988005315376534
2022-06-24,29.07,29.72,26.83,27.23,-0.0626506024096386,0.08987783636717225
2022-06-27,28.3,28.66,26.93,26.95,-0.010282776349614386,0.0899760518954829
2022-06-28,26.9,28.68,26.47,28.36,0.052319109461966606,0.08996435124265467
2022-06-29,28.8,29.36,27.85,28.16,-0.007052186177715081,0.08998815988830836
2022-06-30,29.42,30.22,28.28,28.71,0.01953125,0.08983142710916435
2022-07-01,29.53,29.59,26.69,26.7,-0.07001044932079425,0.08982606278019316
2022-07-04,27.96,28.1,27.46,27.53,0.031086142322097388,0.08932685137342815
2022-07-05,27.37,29.82,27.3,27.54,0.0003632401017070741,0.08880798285516592
2022-07-06,27.84,28.07,26.43,26.73,-0.02941176470588236,0.08880771987645521
2022-07-07,26.73,26.79,25.66,26.08,-0.024317246539468873,0.08877165081318833
2022-07-08,26.41,26.61,24.43,24.64,-0.05521472392638027,0.08873142834955737
2022-07-11,26.42,26.74,25.79,26.17,0.062094155844155896,0.08878458106332565
2022-07-12,27.14,27.75,25.82,27.29,0.04279709591134884,0.08871487763516776
2022-07-13,27.35,29.06,26.23,26.82,-0.017222425796995178,0.08769746918809167
2022-07-14,27.47,28.45,26.2,26.4,-0.015659955257270708,0.08733434530402846
2022-07-15,26.72,26.72,24.13,24.23,-0.08219696969696966,0.08712673574783186
2022-07-18,24.83,25.91,24.38,25.3,0.044160132067684765,0.08729473414920022
2022-07-19,25.12,25.41,24.23,24.5,-0.031620553359683834,0.08730559549603743
2022-07-20,24.23,24.73,23.4,23.88,-0.025306122448979673,0.08732967013460492
2022-07-21,24.07,24.67,22.92,23.11,-0.03224455611390287,0.08713534316506313
2022-07-22,23.3,23.81,22.41,23.03,-0.003461704889658135,0.08708703195915816
2022-07-25,24.33,24.57,23.19,23.36,0.014329135909682877,0.08705549477803015
2022-07-26,23.95,25.31,23.82,24.69,0.05693493150684947,0.08704215106881104
2022-07-27,24.27,24.41,23.02,23.24,-0.05872823005265304,0.08701578351345589
2022-07-28,23.33,23.54,22.22,22.33,-0.03915662650602414,0.08696953051763923
2022-07-29,22.13,22.16,21.21,21.33,-0.044782803403493054,0.08701183343946729
2022-08-01,22.41,23.27,22.26,22.84,0.07079231129864039,0.08702537892683473
2022-08-02,24.08,24.68,22.67,23.93,0.04772329246935203,0.0870132257918158
2022-08-03,23.86,23.92,21.68,21.95,-0.08274132887588803,0.08703420701063506
2022-08-04,22.06,22.66,21.44,21.44,-0.02323462414578581,0.08721075411017896
2022-08-05,21.5,22.58,20.76,21.15,-0.013526119402985204,0.08717531846077291
2022-08-08,21.74,22.01,20.83,21.29,0.006619385342789608,0.08715638046199749
2022-08-09,21.41,22.23,21.41,21.77,0.022545796148426556,0.08715209419143424
2022-08-10,22.28,22.34,19.54,19.74,-0.09324758842443737,0.08712505048101436
2022-08-11,19.84,20.85,19.71,20.2,0.023302938196555267,0.08708195379030552
2022-08-12,20.34,20.35,19.12,19.53,-0.03316831683168309,0.08615623513777207
2022-08-15,20.74,21.16,19.81,19.95,0.021505376344086002,0.08618685607686877
2022-08-16,20.23,20.39,19.5,19.69,-0.013032581453633951,0.08569042396600698
2022-08-17,19.74,20.63,19.41,19.9,0.010665312341289868,0.08554776146021247
2022-08-18,20.51,20.61,19.43,19.56,-0.0170854271356784,0.08554881558057578
2022-08-19,20.16,21.27,20.08,20.6,0.053169734151329306,0.08553955307126779
2022-08-22,22.41,24.62,22.39,23.8,0.15533980582524265,0.08526805577616779
2022-08-23,24.13,24.21,23.07,24.11,0.013025210084033567,0.08538016374560498
2022-08-24,24.37,24.86,22.73,22.82,-0.05350476980506014,0.08537480879082791
2022-08-25,22.41,23.13,21.77,21.78,-0.045574057843996485,0.08545079245901206
2022-08-26,22.07,25.9,21.67,25.56,0.17355371900826433,0.08549278980842767
2022-08-29,26.86,27.67,25.47,26.21,0.02543035993740217,0.08615385468467403
2022-08-30,25.75,27.69,25.13,26.21,0.0,0.08616268389593613
2022-08-31,25.86,26.62,25.31,25.87,-0.01297214803510105,0.08592844317790067
2022-09-01,26.88,27.45,25.25,25.56,-0.011982991882489413,0.08593077149186343
2022-09-02,25.51,26.28,23.19,25.47,-0.0035211267605633756,0.08589609020851292
2022-09-05,26.51,26.85,25.84,25.99,0.020416175893207766,0.08561449636507353
2022-09-06,25.46,27.8,25.33,26.91,0.03539823008849563,0.08547110855863499
2022-09-07,26.93,27.15,24.54,24.64,-0.0843552582683017,0.0854933583261777
2022-09-08,24.7,25.9,23.56,23.61,-0.041801948051948146,0.0855628999159994
2022-09-09,23.49,23.57,22.64,22.79,-0.0347310461668785,0.08560008636199043
2022-09-12,23.58,24.23,23.16,23.87,0.04738920579201422,0.08535424596160542
2022-09-13,23.67,28.15,23.53,27.27,0.14243820695433596,0.08412360093991907
2022-09-14,26.73,27.56,26.16,26.16,-0.040704070407040716,0.0845097834427939
2022-09-15,26.1,26.93,25.42,26.27,0.004204892966360729,0.08404079309566452
2022-09-16,27.47,28.45,26.14,26.3,0.0011419870574800317,0.08374199071793287
2022-09-19,27.69,27.95,25.56,25.76,-0.020532319391634912,0.08367755000128171
2022-09-20,25.65,27.81,25.61,27.16,0.05434782608695654,0.08362727105261514
2022-09-21,28.03,30.18,25.55,27.99,0.030559646539027874,0.08234970292707725
2022-09-22,28.16,28.38,26.71,27.35,-0.02286530903894235,0.08233958445425993
2022-09-23,27.68,32.31,27.58,29.92,0.09396709323583186,0.0823454756309655
2022-09-26,31.74,32.88,29.83,32.26,0.07820855614973254,0.08234383439290065
2022-09-27,31.2,34.14,30.3,32.6,0.010539367637941721,0.08231601410404592
2022-09-28,34.5,34.88,30.03,30.18,-0.07423312883435584,0.0821722197338217
2022-09-29,31.67,33.46,31.16,31.84,0.05500331345261755,0.0823157620103337
2022-09-30,31.61,33.25,29.39,31.62,-0.006909547738693456,0.0822422040459288
2022-10-03,33.0,33.06,29.63,30.1,-0.04807084123972172,0.08219726113820797
2022-10-04,29.52,29.62,28.56,29.07,-0.03421926910299011,0.08217652148263442
2022-10-05,29.36,30.11,28.5,28.55,-0.017887856897144783,0.08220990733113621
2022-10-06,28.6,30.74,28.56,30.52,0.06900175131348507,0.082116925362868
2022-10-07,30.37,32.02,29.88,31.36,0.02752293577981657,0.08196871207272674
2022-10-10,32.93,33.99,32.05,32.45,0.03475765306122458,0.08194354134009035
2022-10-11,33.56,34.43,32.45,33.63,0.036363636363636376,0.08196342682113691
2022-10-12,33.54,34.53,33.11,33.57,-0.001784121320249854,0.08193980354298756
2022-10-13,33.6,33.87,31.63,31.94,-0.04855525767053914,0.08193198141588433
2022-10-14,31.89,32.98,31.14,32.02,0.00250469630557304,0.0819715372025183
2022-10-17,32.27,32.59,30.7,31.37,-0.020299812617114332,0.08196011098201568
2022-10-18,31.1,31.93,30.42,30.5,-0.02773350334714697,0.08196884844778751
2022-10-19,30.94,31.9,30.76,30.76,0.008524590163934587,0.08195181141993275
2022-10-20,31.3,31.32,29.76,29.98,-0.025357607282184724,0.0818724165289394
2022-10-21,30.21,30.44,29.24,29.69,-0.009673115410273492,0.08187065325182037
2022-10-24,30.65,30.95,29.78,29.85,0.005389019872010792,0.08186460622219545
2022-10-25,29.8,30.0,28.22,28.46,-0.04656616415410386,0.08186426779031356
2022-10-26,28.44,28.52,27.27,27.28,-0.04146170063246657,0.08191055378084629
2022-10-27,27.51,27.67,26.94,27.39,0.004032258064516014,0.08186575425036254
2022-10-28,27.43,27.59,25.75,25.75,-0.059875867104782765,0.08185864680717848
2022-10-31,26.91,27.07,25.84,25.88,0.005048543689320395,0.08186741266499543
2022-11-01,25.96,26.35,25.66,25.81,-0.002704791344667723,0.08182797944892721
2022-11-02,26.04,26.62,25.39,25.86,0.0019372336303757898,0.08181026240425808
2022-11-03,25.98,26.87,25.1,25.3,-0.021655065738592327,0.08175160453898077
2022-11-04,25.63,25.71,24.0,24.55,-0.029644268774703608,0.0816751617149292
2022-11-07,25.67,25.67,24.34,24.35,-0.008146639511201648,0.0815377989931703
2022-11-08,24.71,26.16,24.24,25.54,0.04887063655030799,0.08154042632743633
2022-11-09,25.34,26.35,25.02,26.09,0.02153484729835564,0.08158479390625312
2022-11-10,26.51,26.59,22.84,23.53,-0.09812188577999226,0.08155151461790429
2022-11-11,23.89,23.91,22.37,22.52,-0.04292392690182756,0.0817968812816115
2022-11-14,23.99,24.33,22.86,23.73,0.05373001776198949,0.08184639313771479
2022-11-15,23.77,26.22,23.18,24.54,0.03413400758533491,0.08179902807183996
2022-11-16,24.29,24.72,23.99,24.11,-0.017522412387938058,0.08182013282110405
2022-11-17,24.05,25.18,23.81,23.93,-0.0074657818332641845,0.08178106852144593
2022-11-18,24.03,24.12,22.98,23.12,-0.0338487254492269,0.07435780635394969
2022-11-21,24.05,24.12,22.3,22.36,-0.03287197231833916,0.07330497457824615
2022-11-22,22.59,22.71,21.28,21.29,-0.047853309481216466,0.07242532188675192
2022-11-23,21.49,21.78,20.32,20.35,-0.04415218412400179,0.07192223672300276
2022-11-24,20.5,20.54,20.31,20.42,0.003439803439803546,0.07168308615595441
2022-11-25,20.61,21.11,20.46,20.5,0.003917727717923425,0.07142295163289845
2022-11-28,22.09,22.5,21.65,22.21,0.08341463414634154,0.07105138491123139
2022-11-29,22.09,22.57,21.83,21.89,-0.014407924358397106,0.07014263262361231
2022-11-30,21.7,22.63,20.31,20.58,-0.059844677935130264,0.06990036748098406
